use epam_project;

DROP TABLE IF EXISTS passed_tests;
DROP TABLE IF EXISTS answer;
DROP TABLE IF EXISTS question;
DROP TABLE IF EXISTS test;
DROP TABLE IF EXISTS complexity;
DROP TABLE IF EXISTS subject;
DROP TABLE IF EXISTS user;
DROP TABLE IF EXISTS status;
DROP TABLE IF EXISTS role;

#-------------------------------------------------------------------------------------------
create table role (
	id int AUTO_INCREMENT PRIMARY KEY,
    name VARCHAR(20)
);
INSERT INTO role VALUES (id,'admin'),(id,'user');
#-------------------------------------------------------------------------------------------
create table status (
	id int AUTO_INCREMENT PRIMARY KEY NOT NULL,
    name VARCHAR(20) NOT NULL
);
INSERT INTO status VALUES (id,'Active'),(id,'Banned');
#-------------------------------------------------------------------------------------------
create table user (
	id INT PRIMARY KEY AUTO_INCREMENT NOT NULL,
    username VARCHAR(25) UNIQUE NOT NULL,
    password VARCHAR(128) NOT NULL,
    salt int NOT NULL,
    first_name VARCHAR(35) NOT NULL,
    last_name VARCHAR(35) NOT NULL,
    role VARCHAR(15) NOT NULL,
    status VARCHAR(15) NOT NULL
);

#-------------------------------------------------------------------------------------------
create table subject (
	id int AUTO_INCREMENT PRIMARY KEY NOT NULL,
    name VARCHAR(50) NOT NULL
);
INSERT INTO subject VALUES (id,'Accounting'),(id,'Economics'),(id,'Maths'),(id,'Advertising'),(id,'Business'),(id,'Marketing'),(id,'Media'),(id,'Design'),(id,'Geography'),(id,'Archeology'),(id,'History'),(id,'Sociology'),(id,'Law'),(id,'Journalism'),(id,'Finance'),(id,'Politics'),(id,'Architecture'),(id,'Agriculture'),(id,'Engineering'),(id,'Medicine'),(id,'Ecology');
#-------------------------------------------------------------------------------------------
create table complexity (
	id int AUTO_INCREMENT PRIMARY KEY NOT NULL,
    name VARCHAR(25) NOT NULL,
    scale int NOT NULL
);
INSERT INTO complexity VALUES (id,'Easy',1),(id,'Medium',2),(id,'Hard',3),(id,'Advanced',4);
#-------------------------------------------------------------------------------------------
CREATE TABLE test(
	id INT PRIMARY KEY AUTO_INCREMENT NOT NULL,
    name VARCHAR(150) NOT NULL,
    subject_id INT DEFAULT 1,
    complexity_id INT DEFAULT 1,
    duration_sec INT NOT NULL,
	FOREIGN KEY (subject_id) REFERENCES subject(id) ON DELETE SET NULL,
    FOREIGN KEY (complexity_id) REFERENCES complexity(id) ON DELETE SET NULL
);

#-------------------------------------------------------------------------------------------
CREATE TABLE question(
	id INT PRIMARY KEY AUTO_INCREMENT NOT NULL,
    text VARCHAR(250) NOT NULL,
    test_id INT NOT NULL,
    FOREIGN KEY (test_id) REFERENCES test(id) ON DELETE CASCADE
);

#-------------------------------------------------------------------------------------------
CREATE TABLE answer (
	id INT PRIMARY KEY AUTO_INCREMENT NOT NULL,
    question_id INT NOT NULL,
    text VARCHAR(150) NOT NULL,
    isCorrect BOOLEAN NOT NULL,
    FOREIGN KEY (question_id) REFERENCES question(id) ON DELETE CASCADE
);

#-------------------------------------------------------------------------------------------
CREATE TABLE passed_tests (
	id INT PRIMARY KEY AUTO_INCREMENT NOT NULL,
    user_id INT NOT NULL,
    test_id INT NOT NULL,
    grade FLOAT NOT NULL,
    time_spent INT NOT NULL,
    date TIMESTAMP DEFAULT CURRENT_TIMESTAMP,
    FOREIGN KEY (user_id) REFERENCES user(id) ON DELETE CASCADE,
    FOREIGN KEY (test_id) REFERENCES test(id) ON DELETE CASCADE
);

INSERT INTO test VALUES (id,'A Cold Day in Hell','11','4',312),(id,'A Day Late and a Dollar Short','13','1',1563),(id,'A Fool and His Money are Soon Parted','19','1',1830),(id,'A Guinea Pig','12','3',2331),(id,'A Hair’s Breadth','11','3',2958),(id,'A Home Bird','15','1',1288),(id,'A Hundred and Ten Percent','1','1',2459),(id,'A Little from Column A, a Little from Column B','6','1',1401),(id,'A Lot on One’s Plate','5','1',2343),(id,'An Arm and a Leg','6','2',2973),(id,'Back to Square One','8','3',426),(id,'Between a Rock and a Hard Place','7','1',1900),(id,'Burst Your Bubble','15','3',962),(id,'Cry Over Spilt Milk','3','1',2890),(id,'Cut The Mustard','19','4',2964),(id,'Dont Count Your Chickens Before They Hatch','17','2',627),(id,'Dont Look a Gift Horse In The Mouth','15','3',1162),(id,'Down To The Wire','8','3',1374),(id,'Drawing a Blank','17','2',1670),(id,'Easy As Pie','14','1',806),(id,'Elvis Has Left The Building','7','3',1109),(id,'Everything But The Kitchen Sink','4','4',2986),(id,'Fish Out Of Water','7','1',727),(id,'Foaming At The Mouth','11','2',2414),(id,'Go For Broke','8','4',2279),(id,'Goody Two-Shoes','5','3',865),(id,'Hard Pill to Swallow','12','1',2862),(id,'Head Over Heels','13','4',1313),(id,'High And Dry','5','2',917),(id,'Its Not Brain Surgery','4','2',616),(id,'Keep Your Eyes Peeled','2','2',2104),(id,'Knuckle Down','5','3',2375),(id,'Lickety Split','15','2',2792),(id,'Long In The Tooth','15','4',1222),(id,'Lovey Dovey','10','2',1180),(id,'Needle In a Haystack','19','2',2558),(id,'On the Same Page','16','1',1688),(id,'Par For the Course','16','4',1274),(id,'Playing Possum','5','4',2834),(id,'Plot Thickens - The','13','3',2990),(id,'Put a Sock In It','3','4',2718),(id,'Quality Time','9','1',954),(id,'Quick On the Draw','1','4',1999),(id,'Raining Cats and Dogs','12','4',2680),(id,'Scot-free','7','3',596),(id,'Talk the Talk','10','2',1677),(id,'Top Drawer','20','4',2880),(id,'Tough It Out','11','4',2040),(id,'Wild Goose Chase','17','4',2283),(id,'You Cant Teach an Old Dog New Tricks','5','2',1432);
INSERT INTO question VALUES (1,'Q for test: A Cold Day in Hell',1),(2,'Q for test: A Day Late and a Dollar Short',2),(3,'Q for test: A Fool and His Money are Soon Parted',3),(4,'Q for test: A Guinea Pig',4),(5,'Q for test: A Hair’s Breadth',5),(6,'Q for test: A Home Bird',6),(7,'Q for test: A Hundred and Ten Percent',7),(8,'Q for test: A Little from Column A, a Little from Column B',8),(9,'Q for test: A Lot on One’s Plate',9),(10,'Q for test: An Arm and a Leg',10),(11,'Q for test: Back to Square One',11),(12,'Q for test: Between a Rock and a Hard Place',12),(13,'Q for test: Burst Your Bubble',13),(14,'Q for test: Cry Over Spilt Milk',14),(15,'Q for test: Cut The Mustard',15),(16,'Q for test: Dont Count Your Chickens Before They Hatch',16),(17,'Q for test: Dont Look a Gift Horse In The Mouth',17),(18,'Q for test: Down To The Wire',18),(19,'Q for test: Drawing a Blank',19),(20,'Q for test: Easy As Pie',20),(21,'Q for test: Elvis Has Left The Building',21),(22,'Q for test: Everything But The Kitchen Sink',22),(23,'Q for test: Fish Out Of Water',23),(24,'Q for test: Foaming At The Mouth',24),(25,'Q for test: Go For Broke',25),(26,'Q for test: Goody Two-Shoes',26),(27,'Q for test: Hard Pill to Swallow',27),(28,'Q for test: Head Over Heels',28),(29,'Q for test: High And Dry',29),(30,'Q for test: Its Not Brain Surgery',30),(31,'Q for test: Keep Your Eyes Peeled',31),(32,'Q for test: Knuckle Down',32),(33,'Q for test: Lickety Split',33),(34,'Q for test: Long In The Tooth',34),(35,'Q for test: Lovey Dovey',35),(36,'Q for test: Needle In a Haystack',36),(37,'Q for test: On the Same Page',37),(38,'Q for test: Par For the Course',38),(39,'Q for test: Playing Possum',39),(40,'Q for test: Plot Thickens - The',40),(41,'Q for test: Put a Sock In It',41),(42,'Q for test: Quality Time',42),(43,'Q for test: Quick On the Draw',43),(44,'Q for test: Raining Cats and Dogs',44),(45,'Q for test: Scot-free',45),(46,'Q for test: Talk the Talk',46),(47,'Q for test: Top Drawer',47),(48,'Q for test: Tough It Out',48),(49,'Q for test: Wild Goose Chase',49),(50,'Q for test: You Cant Teach an Old Dog New Tricks',50),(51,'Q for test: A Cold Day in Hell',1),(52,'Q for test: Quality Time',42),(53,'Q for test: Hard Pill to Swallow',27),(54,'Q for test: Top Drawer',47),(55,'Q for test: High And Dry',29),(56,'Q for test: Head Over Heels',28),(57,'Q for test: Tough It Out',48),(58,'Q for test: You Cant Teach an Old Dog New Tricks',50),(59,'Q for test: Its Not Brain Surgery',30),(60,'Q for test: Quick On the Draw',43),(61,'Q for test: Everything But The Kitchen Sink',22),(62,'Q for test: Lickety Split',33),(63,'Q for test: Drawing a Blank',19),(64,'Q for test: A Home Bird',6),(65,'Q for test: A Little from Column A, a Little from Column B',8),(66,'Q for test: Put a Sock In It',41),(67,'Q for test: A Home Bird',6),(68,'Q for test: A Day Late and a Dollar Short',2),(69,'Q for test: Lovey Dovey',35),(70,'Q for test: Dont Count Your Chickens Before They Hatch',16),(71,'Q for test: Elvis Has Left The Building',21),(72,'Q for test: Plot Thickens - The',40),(73,'Q for test: Fish Out Of Water',23),(74,'Q for test: Put a Sock In It',41),(75,'Q for test: Foaming At The Mouth',24),(76,'Q for test: A Day Late and a Dollar Short',2),(77,'Q for test: A Guinea Pig',4),(78,'Q for test: A Little from Column A, a Little from Column B',8),(79,'Q for test: Between a Rock and a Hard Place',12),(80,'Q for test: Fish Out Of Water',23),(81,'Q for test: Go For Broke',25),(82,'Q for test: Lovey Dovey',35),(83,'Q for test: A Lot on One’s Plate',9),(84,'Q for test: Dont Count Your Chickens Before They Hatch',16),(85,'Q for test: Hard Pill to Swallow',27),(86,'Q for test: Back to Square One',11),(87,'Q for test: Knuckle Down',32),(88,'Q for test: A Guinea Pig',4),(89,'Q for test: Foaming At The Mouth',24),(90,'Q for test: A Fool and His Money are Soon Parted',3),(91,'Q for test: Cut The Mustard',15),(92,'Q for test: A Little from Column A, a Little from Column B',8),(93,'Q for test: A Day Late and a Dollar Short',2),(94,'Q for test: Plot Thickens - The',40),(95,'Q for test: Knuckle Down',32),(96,'Q for test: Needle In a Haystack',36),(97,'Q for test: Everything But The Kitchen Sink',22),(98,'Q for test: A Little from Column A, a Little from Column B',8),(99,'Q for test: Quality Time',42),(100,'Q for test: Dont Count Your Chickens Before They Hatch',16),(101,'Q for test: Dont Count Your Chickens Before They Hatch',16),(102,'Q for test: Playing Possum',39),(103,'Q for test: Elvis Has Left The Building',21),(104,'Q for test: Drawing a Blank',19),(105,'Q for test: A Guinea Pig',4),(106,'Q for test: Quick On the Draw',43),(107,'Q for test: Fish Out Of Water',23),(108,'Q for test: High And Dry',29),(109,'Q for test: Wild Goose Chase',49),(110,'Q for test: Plot Thickens - The',40),(111,'Q for test: A Cold Day in Hell',1),(112,'Q for test: Cry Over Spilt Milk',14),(113,'Q for test: Hard Pill to Swallow',27),(114,'Q for test: Drawing a Blank',19),(115,'Q for test: An Arm and a Leg',10),(116,'Q for test: Lovey Dovey',35),(117,'Q for test: Keep Your Eyes Peeled',31),(118,'Q for test: Long In The Tooth',34),(119,'Q for test: Quick On the Draw',43),(120,'Q for test: Goody Two-Shoes',26),(121,'Q for test: Between a Rock and a Hard Place',12),(122,'Q for test: Scot-free',45),(123,'Q for test: Goody Two-Shoes',26),(124,'Q for test: Dont Look a Gift Horse In The Mouth',17),(125,'Q for test: A Little from Column A, a Little from Column B',8),(126,'Q for test: Elvis Has Left The Building',21),(127,'Q for test: An Arm and a Leg',10),(128,'Q for test: Long In The Tooth',34),(129,'Q for test: High And Dry',29),(130,'Q for test: Scot-free',45),(131,'Q for test: Quality Time',42),(132,'Q for test: Quick On the Draw',43),(133,'Q for test: Between a Rock and a Hard Place',12),(134,'Q for test: Fish Out Of Water',23),(135,'Q for test: Back to Square One',11),(136,'Q for test: Quality Time',42),(137,'Q for test: A Day Late and a Dollar Short',2),(138,'Q for test: Lovey Dovey',35),(139,'Q for test: Long In The Tooth',34),(140,'Q for test: Easy As Pie',20),(141,'Q for test: Fish Out Of Water',23),(142,'Q for test: Everything But The Kitchen Sink',22),(143,'Q for test: Goody Two-Shoes',26),(144,'Q for test: Its Not Brain Surgery',30),(145,'Q for test: A Little from Column A, a Little from Column B',8),(146,'Q for test: Tough It Out',48),(147,'Q for test: Its Not Brain Surgery',30),(148,'Q for test: Dont Count Your Chickens Before They Hatch',16),(149,'Q for test: Tough It Out',48),(150,'Q for test: Goody Two-Shoes',26),(151,'Q for test: Lovey Dovey',35),(152,'Q for test: Foaming At The Mouth',24),(153,'Q for test: Burst Your Bubble',13),(154,'Q for test: Keep Your Eyes Peeled',31),(155,'Q for test: Playing Possum',39),(156,'Q for test: Tough It Out',48),(157,'Q for test: Everything But The Kitchen Sink',22),(158,'Q for test: Lovey Dovey',35),(159,'Q for test: Top Drawer',47),(160,'Q for test: Par For the Course',38),(161,'Q for test: Tough It Out',48),(162,'Q for test: Put a Sock In It',41),(163,'Q for test: A Guinea Pig',4),(164,'Q for test: Go For Broke',25),(165,'Q for test: Knuckle Down',32),(166,'Q for test: A Guinea Pig',4),(167,'Q for test: Dont Look a Gift Horse In The Mouth',17),(168,'Q for test: Easy As Pie',20),(169,'Q for test: Scot-free',45),(170,'Q for test: Tough It Out',48),(171,'Q for test: Needle In a Haystack',36),(172,'Q for test: An Arm and a Leg',10),(173,'Q for test: A Cold Day in Hell',1),(174,'Q for test: On the Same Page',37),(175,'Q for test: Everything But The Kitchen Sink',22),(176,'Q for test: Quick On the Draw',43),(177,'Q for test: A Hundred and Ten Percent',7),(178,'Q for test: Everything But The Kitchen Sink',22),(179,'Q for test: Tough It Out',48),(180,'Q for test: Burst Your Bubble',13),(181,'Q for test: A Day Late and a Dollar Short',2),(182,'Q for test: Talk the Talk',46),(183,'Q for test: Hard Pill to Swallow',27),(184,'Q for test: Put a Sock In It',41),(185,'Q for test: A Little from Column A, a Little from Column B',8),(186,'Q for test: A Day Late and a Dollar Short',2),(187,'Q for test: Elvis Has Left The Building',21),(188,'Q for test: An Arm and a Leg',10),(189,'Q for test: Between a Rock and a Hard Place',12),(190,'Q for test: Goody Two-Shoes',26),(191,'Q for test: Between a Rock and a Hard Place',12),(192,'Q for test: A Little from Column A, a Little from Column B',8),(193,'Q for test: Go For Broke',25),(194,'Q for test: A Lot on One’s Plate',9),(195,'Q for test: Top Drawer',47),(196,'Q for test: High And Dry',29),(197,'Q for test: A Home Bird',6),(198,'Q for test: Top Drawer',47),(199,'Q for test: Needle In a Haystack',36),(200,'Q for test: Knuckle Down',32),(201,'Q for test: Down To The Wire',18),(202,'Q for test: A Hundred and Ten Percent',7),(203,'Q for test: Back to Square One',11),(204,'Q for test: An Arm and a Leg',10),(205,'Q for test: Fish Out Of Water',23),(206,'Q for test: Back to Square One',11),(207,'Q for test: Fish Out Of Water',23),(208,'Q for test: Cry Over Spilt Milk',14),(209,'Q for test: Par For the Course',38),(210,'Q for test: A Cold Day in Hell',1),(211,'Q for test: Go For Broke',25),(212,'Q for test: Between a Rock and a Hard Place',12),(213,'Q for test: Plot Thickens - The',40),(214,'Q for test: Knuckle Down',32),(215,'Q for test: Goody Two-Shoes',26),(216,'Q for test: A Lot on One’s Plate',9),(217,'Q for test: A Lot on One’s Plate',9),(218,'Q for test: Elvis Has Left The Building',21),(219,'Q for test: Quality Time',42),(220,'Q for test: A Fool and His Money are Soon Parted',3),(221,'Q for test: Lovey Dovey',35),(222,'Q for test: Between a Rock and a Hard Place',12),(223,'Q for test: High And Dry',29),(224,'Q for test: Go For Broke',25),(225,'Q for test: Go For Broke',25),(226,'Q for test: Keep Your Eyes Peeled',31),(227,'Q for test: Dont Look a Gift Horse In The Mouth',17),(228,'Q for test: Hard Pill to Swallow',27),(229,'Q for test: Foaming At The Mouth',24),(230,'Q for test: Back to Square One',11),(231,'Q for test: Between a Rock and a Hard Place',12),(232,'Q for test: Par For the Course',38),(233,'Q for test: Tough It Out',48),(234,'Q for test: Wild Goose Chase',49),(235,'Q for test: Playing Possum',39),(236,'Q for test: A Fool and His Money are Soon Parted',3),(237,'Q for test: Foaming At The Mouth',24),(238,'Q for test: Talk the Talk',46),(239,'Q for test: Drawing a Blank',19),(240,'Q for test: Easy As Pie',20),(241,'Q for test: Cut The Mustard',15),(242,'Q for test: Talk the Talk',46),(243,'Q for test: Long In The Tooth',34),(244,'Q for test: Quick On the Draw',43),(245,'Q for test: Scot-free',45),(246,'Q for test: Put a Sock In It',41),(247,'Q for test: Lovey Dovey',35),(248,'Q for test: Plot Thickens - The',40),(249,'Q for test: Dont Look a Gift Horse In The Mouth',17),(250,'Q for test: Foaming At The Mouth',24),(251,'Q for test: A Home Bird',6),(252,'Q for test: Quick On the Draw',43),(253,'Q for test: Par For the Course',38),(254,'Q for test: Talk the Talk',46),(255,'Q for test: Goody Two-Shoes',26),(256,'Q for test: Scot-free',45),(257,'Q for test: Its Not Brain Surgery',30),(258,'Q for test: Its Not Brain Surgery',30),(259,'Q for test: A Hair’s Breadth',5),(260,'Q for test: Its Not Brain Surgery',30),(261,'Q for test: Knuckle Down',32),(262,'Q for test: Dont Count Your Chickens Before They Hatch',16),(263,'Q for test: Foaming At The Mouth',24),(264,'Q for test: Plot Thickens - The',40),(265,'Q for test: Quick On the Draw',43),(266,'Q for test: An Arm and a Leg',10),(267,'Q for test: A Guinea Pig',4),(268,'Q for test: Raining Cats and Dogs',44),(269,'Q for test: Down To The Wire',18),(270,'Q for test: A Cold Day in Hell',1),(271,'Q for test: Plot Thickens - The',40),(272,'Q for test: Lovey Dovey',35),(273,'Q for test: Knuckle Down',32),(274,'Q for test: A Hundred and Ten Percent',7),(275,'Q for test: Dont Look a Gift Horse In The Mouth',17),(276,'Q for test: Playing Possum',39),(277,'Q for test: Cry Over Spilt Milk',14),(278,'Q for test: A Hair’s Breadth',5),(279,'Q for test: Fish Out Of Water',23),(280,'Q for test: Hard Pill to Swallow',27),(281,'Q for test: You Cant Teach an Old Dog New Tricks',50),(282,'Q for test: High And Dry',29),(283,'Q for test: Lovey Dovey',35),(284,'Q for test: Plot Thickens - The',40),(285,'Q for test: Goody Two-Shoes',26),(286,'Q for test: Long In The Tooth',34),(287,'Q for test: Tough It Out',48),(288,'Q for test: Back to Square One',11),(289,'Q for test: A Little from Column A, a Little from Column B',8),(290,'Q for test: Playing Possum',39),(291,'Q for test: Its Not Brain Surgery',30),(292,'Q for test: Raining Cats and Dogs',44),(293,'Q for test: Quality Time',42),(294,'Q for test: Knuckle Down',32),(295,'Q for test: Playing Possum',39),(296,'Q for test: Fish Out Of Water',23),(297,'Q for test: A Day Late and a Dollar Short',2),(298,'Q for test: A Lot on One’s Plate',9),(299,'Q for test: Easy As Pie',20),(300,'Q for test: Go For Broke',25);
INSERT INTO answer VALUES (1,1,'CorAns for: Q for test: A Cold Day in Hell',TRUE),(2,2,'CorAns for: Q for test: A Day Late and a Dollar Short',TRUE),(3,3,'CorAns for: Q for test: A Fool and His Money are Soon Parted',TRUE),(4,4,'CorAns for: Q for test: A Guinea Pig',TRUE),(5,5,'CorAns for: Q for test: A Hair’s Breadth',TRUE),(6,6,'CorAns for: Q for test: A Home Bird',TRUE),(7,7,'CorAns for: Q for test: A Hundred and Ten Percent',TRUE),(8,8,'CorAns for: Q for test: A Little from Column A, a Little from Column B',TRUE),(9,9,'CorAns for: Q for test: A Lot on One’s Plate',TRUE),(10,10,'CorAns for: Q for test: An Arm and a Leg',TRUE),(11,11,'CorAns for: Q for test: Back to Square One',TRUE),(12,12,'CorAns for: Q for test: Between a Rock and a Hard Place',TRUE),(13,13,'CorAns for: Q for test: Burst Your Bubble',TRUE),(14,14,'CorAns for: Q for test: Cry Over Spilt Milk',TRUE),(15,15,'CorAns for: Q for test: Cut The Mustard',TRUE),(16,16,'CorAns for: Q for test: Dont Count Your Chickens Before They Hatch',TRUE),(17,17,'CorAns for: Q for test: Dont Look a Gift Horse In The Mouth',TRUE),(18,18,'CorAns for: Q for test: Down To The Wire',TRUE),(19,19,'CorAns for: Q for test: Drawing a Blank',TRUE),(20,20,'CorAns for: Q for test: Easy As Pie',TRUE),(21,21,'CorAns for: Q for test: Elvis Has Left The Building',TRUE),(22,22,'CorAns for: Q for test: Everything But The Kitchen Sink',TRUE),(23,23,'CorAns for: Q for test: Fish Out Of Water',TRUE),(24,24,'CorAns for: Q for test: Foaming At The Mouth',TRUE),(25,25,'CorAns for: Q for test: Go For Broke',TRUE),(26,26,'CorAns for: Q for test: Goody Two-Shoes',TRUE),(27,27,'CorAns for: Q for test: Hard Pill to Swallow',TRUE),(28,28,'CorAns for: Q for test: Head Over Heels',TRUE),(29,29,'CorAns for: Q for test: High And Dry',TRUE),(30,30,'CorAns for: Q for test: Its Not Brain Surgery',TRUE),(31,31,'CorAns for: Q for test: Keep Your Eyes Peeled',TRUE),(32,32,'CorAns for: Q for test: Knuckle Down',TRUE),(33,33,'CorAns for: Q for test: Lickety Split',TRUE),(34,34,'CorAns for: Q for test: Long In The Tooth',TRUE),(35,35,'CorAns for: Q for test: Lovey Dovey',TRUE),(36,36,'CorAns for: Q for test: Needle In a Haystack',TRUE),(37,37,'CorAns for: Q for test: On the Same Page',TRUE),(38,38,'CorAns for: Q for test: Par For the Course',TRUE),(39,39,'CorAns for: Q for test: Playing Possum',TRUE),(40,40,'CorAns for: Q for test: Plot Thickens - The',TRUE),(41,41,'CorAns for: Q for test: Put a Sock In It',TRUE),(42,42,'CorAns for: Q for test: Quality Time',TRUE),(43,43,'CorAns for: Q for test: Quick On the Draw',TRUE),(44,44,'CorAns for: Q for test: Raining Cats and Dogs',TRUE),(45,45,'CorAns for: Q for test: Scot-free',TRUE),(46,46,'CorAns for: Q for test: Talk the Talk',TRUE),(47,47,'CorAns for: Q for test: Top Drawer',TRUE),(48,48,'CorAns for: Q for test: Tough It Out',TRUE),(49,49,'CorAns for: Q for test: Wild Goose Chase',TRUE),(50,50,'CorAns for: Q for test: You Cant Teach an Old Dog New Tricks',TRUE),(51,51,'CorAns for: Q for test: A Cold Day in Hell',TRUE),(52,52,'CorAns for: Q for test: Quality Time',TRUE),(53,53,'CorAns for: Q for test: Hard Pill to Swallow',TRUE),(54,54,'CorAns for: Q for test: Top Drawer',TRUE),(55,55,'CorAns for: Q for test: High And Dry',TRUE),(56,56,'CorAns for: Q for test: Head Over Heels',TRUE),(57,57,'CorAns for: Q for test: Tough It Out',TRUE),(58,58,'CorAns for: Q for test: You Cant Teach an Old Dog New Tricks',TRUE),(59,59,'CorAns for: Q for test: Its Not Brain Surgery',TRUE),(60,60,'CorAns for: Q for test: Quick On the Draw',TRUE),(61,61,'CorAns for: Q for test: Everything But The Kitchen Sink',TRUE),(62,62,'CorAns for: Q for test: Lickety Split',TRUE),(63,63,'CorAns for: Q for test: Drawing a Blank',TRUE),(64,64,'CorAns for: Q for test: A Home Bird',TRUE),(65,65,'CorAns for: Q for test: A Little from Column A, a Little from Column B',TRUE),(66,66,'CorAns for: Q for test: Put a Sock In It',TRUE),(67,67,'CorAns for: Q for test: A Home Bird',TRUE),(68,68,'CorAns for: Q for test: A Day Late and a Dollar Short',TRUE),(69,69,'CorAns for: Q for test: Lovey Dovey',TRUE),(70,70,'CorAns for: Q for test: Dont Count Your Chickens Before They Hatch',TRUE),(71,71,'CorAns for: Q for test: Elvis Has Left The Building',TRUE),(72,72,'CorAns for: Q for test: Plot Thickens - The',TRUE),(73,73,'CorAns for: Q for test: Fish Out Of Water',TRUE),(74,74,'CorAns for: Q for test: Put a Sock In It',TRUE),(75,75,'CorAns for: Q for test: Foaming At The Mouth',TRUE),(76,76,'CorAns for: Q for test: A Day Late and a Dollar Short',TRUE),(77,77,'CorAns for: Q for test: A Guinea Pig',TRUE),(78,78,'CorAns for: Q for test: A Little from Column A, a Little from Column B',TRUE),(79,79,'CorAns for: Q for test: Between a Rock and a Hard Place',TRUE),(80,80,'CorAns for: Q for test: Fish Out Of Water',TRUE),(81,81,'CorAns for: Q for test: Go For Broke',TRUE),(82,82,'CorAns for: Q for test: Lovey Dovey',TRUE),(83,83,'CorAns for: Q for test: A Lot on One’s Plate',TRUE),(84,84,'CorAns for: Q for test: Dont Count Your Chickens Before They Hatch',TRUE),(85,85,'CorAns for: Q for test: Hard Pill to Swallow',TRUE),(86,86,'CorAns for: Q for test: Back to Square One',TRUE),(87,87,'CorAns for: Q for test: Knuckle Down',TRUE),(88,88,'CorAns for: Q for test: A Guinea Pig',TRUE),(89,89,'CorAns for: Q for test: Foaming At The Mouth',TRUE),(90,90,'CorAns for: Q for test: A Fool and His Money are Soon Parted',TRUE),(91,91,'CorAns for: Q for test: Cut The Mustard',TRUE),(92,92,'CorAns for: Q for test: A Little from Column A, a Little from Column B',TRUE),(93,93,'CorAns for: Q for test: A Day Late and a Dollar Short',TRUE),(94,94,'CorAns for: Q for test: Plot Thickens - The',TRUE),(95,95,'CorAns for: Q for test: Knuckle Down',TRUE),(96,96,'CorAns for: Q for test: Needle In a Haystack',TRUE),(97,97,'CorAns for: Q for test: Everything But The Kitchen Sink',TRUE),(98,98,'CorAns for: Q for test: A Little from Column A, a Little from Column B',TRUE),(99,99,'CorAns for: Q for test: Quality Time',TRUE),(100,100,'CorAns for: Q for test: Dont Count Your Chickens Before They Hatch',TRUE),(101,101,'CorAns for: Q for test: Dont Count Your Chickens Before They Hatch',TRUE),(102,102,'CorAns for: Q for test: Playing Possum',TRUE),(103,103,'CorAns for: Q for test: Elvis Has Left The Building',TRUE),(104,104,'CorAns for: Q for test: Drawing a Blank',TRUE),(105,105,'CorAns for: Q for test: A Guinea Pig',TRUE),(106,106,'CorAns for: Q for test: Quick On the Draw',TRUE),(107,107,'CorAns for: Q for test: Fish Out Of Water',TRUE),(108,108,'CorAns for: Q for test: High And Dry',TRUE),(109,109,'CorAns for: Q for test: Wild Goose Chase',TRUE),(110,110,'CorAns for: Q for test: Plot Thickens - The',TRUE),(111,111,'CorAns for: Q for test: A Cold Day in Hell',TRUE),(112,112,'CorAns for: Q for test: Cry Over Spilt Milk',TRUE),(113,113,'CorAns for: Q for test: Hard Pill to Swallow',TRUE),(114,114,'CorAns for: Q for test: Drawing a Blank',TRUE),(115,115,'CorAns for: Q for test: An Arm and a Leg',TRUE),(116,116,'CorAns for: Q for test: Lovey Dovey',TRUE),(117,117,'CorAns for: Q for test: Keep Your Eyes Peeled',TRUE),(118,118,'CorAns for: Q for test: Long In The Tooth',TRUE),(119,119,'CorAns for: Q for test: Quick On the Draw',TRUE),(120,120,'CorAns for: Q for test: Goody Two-Shoes',TRUE),(121,121,'CorAns for: Q for test: Between a Rock and a Hard Place',TRUE),(122,122,'CorAns for: Q for test: Scot-free',TRUE),(123,123,'CorAns for: Q for test: Goody Two-Shoes',TRUE),(124,124,'CorAns for: Q for test: Dont Look a Gift Horse In The Mouth',TRUE),(125,125,'CorAns for: Q for test: A Little from Column A, a Little from Column B',TRUE),(126,126,'CorAns for: Q for test: Elvis Has Left The Building',TRUE),(127,127,'CorAns for: Q for test: An Arm and a Leg',TRUE),(128,128,'CorAns for: Q for test: Long In The Tooth',TRUE),(129,129,'CorAns for: Q for test: High And Dry',TRUE),(130,130,'CorAns for: Q for test: Scot-free',TRUE),(131,131,'CorAns for: Q for test: Quality Time',TRUE),(132,132,'CorAns for: Q for test: Quick On the Draw',TRUE),(133,133,'CorAns for: Q for test: Between a Rock and a Hard Place',TRUE),(134,134,'CorAns for: Q for test: Fish Out Of Water',TRUE),(135,135,'CorAns for: Q for test: Back to Square One',TRUE),(136,136,'CorAns for: Q for test: Quality Time',TRUE),(137,137,'CorAns for: Q for test: A Day Late and a Dollar Short',TRUE),(138,138,'CorAns for: Q for test: Lovey Dovey',TRUE),(139,139,'CorAns for: Q for test: Long In The Tooth',TRUE),(140,140,'CorAns for: Q for test: Easy As Pie',TRUE),(141,141,'CorAns for: Q for test: Fish Out Of Water',TRUE),(142,142,'CorAns for: Q for test: Everything But The Kitchen Sink',TRUE),(143,143,'CorAns for: Q for test: Goody Two-Shoes',TRUE),(144,144,'CorAns for: Q for test: Its Not Brain Surgery',TRUE),(145,145,'CorAns for: Q for test: A Little from Column A, a Little from Column B',TRUE),(146,146,'CorAns for: Q for test: Tough It Out',TRUE),(147,147,'CorAns for: Q for test: Its Not Brain Surgery',TRUE),(148,148,'CorAns for: Q for test: Dont Count Your Chickens Before They Hatch',TRUE),(149,149,'CorAns for: Q for test: Tough It Out',TRUE),(150,150,'CorAns for: Q for test: Goody Two-Shoes',TRUE),(151,151,'CorAns for: Q for test: Lovey Dovey',TRUE),(152,152,'CorAns for: Q for test: Foaming At The Mouth',TRUE),(153,153,'CorAns for: Q for test: Burst Your Bubble',TRUE),(154,154,'CorAns for: Q for test: Keep Your Eyes Peeled',TRUE),(155,155,'CorAns for: Q for test: Playing Possum',TRUE),(156,156,'CorAns for: Q for test: Tough It Out',TRUE),(157,157,'CorAns for: Q for test: Everything But The Kitchen Sink',TRUE),(158,158,'CorAns for: Q for test: Lovey Dovey',TRUE),(159,159,'CorAns for: Q for test: Top Drawer',TRUE),(160,160,'CorAns for: Q for test: Par For the Course',TRUE),(161,161,'CorAns for: Q for test: Tough It Out',TRUE),(162,162,'CorAns for: Q for test: Put a Sock In It',TRUE),(163,163,'CorAns for: Q for test: A Guinea Pig',TRUE),(164,164,'CorAns for: Q for test: Go For Broke',TRUE),(165,165,'CorAns for: Q for test: Knuckle Down',TRUE),(166,166,'CorAns for: Q for test: A Guinea Pig',TRUE),(167,167,'CorAns for: Q for test: Dont Look a Gift Horse In The Mouth',TRUE),(168,168,'CorAns for: Q for test: Easy As Pie',TRUE),(169,169,'CorAns for: Q for test: Scot-free',TRUE),(170,170,'CorAns for: Q for test: Tough It Out',TRUE),(171,171,'CorAns for: Q for test: Needle In a Haystack',TRUE),(172,172,'CorAns for: Q for test: An Arm and a Leg',TRUE),(173,173,'CorAns for: Q for test: A Cold Day in Hell',TRUE),(174,174,'CorAns for: Q for test: On the Same Page',TRUE),(175,175,'CorAns for: Q for test: Everything But The Kitchen Sink',TRUE),(176,176,'CorAns for: Q for test: Quick On the Draw',TRUE),(177,177,'CorAns for: Q for test: A Hundred and Ten Percent',TRUE),(178,178,'CorAns for: Q for test: Everything But The Kitchen Sink',TRUE),(179,179,'CorAns for: Q for test: Tough It Out',TRUE),(180,180,'CorAns for: Q for test: Burst Your Bubble',TRUE),(181,181,'CorAns for: Q for test: A Day Late and a Dollar Short',TRUE),(182,182,'CorAns for: Q for test: Talk the Talk',TRUE),(183,183,'CorAns for: Q for test: Hard Pill to Swallow',TRUE),(184,184,'CorAns for: Q for test: Put a Sock In It',TRUE),(185,185,'CorAns for: Q for test: A Little from Column A, a Little from Column B',TRUE),(186,186,'CorAns for: Q for test: A Day Late and a Dollar Short',TRUE),(187,187,'CorAns for: Q for test: Elvis Has Left The Building',TRUE),(188,188,'CorAns for: Q for test: An Arm and a Leg',TRUE),(189,189,'CorAns for: Q for test: Between a Rock and a Hard Place',TRUE),(190,190,'CorAns for: Q for test: Goody Two-Shoes',TRUE),(191,191,'CorAns for: Q for test: Between a Rock and a Hard Place',TRUE),(192,192,'CorAns for: Q for test: A Little from Column A, a Little from Column B',TRUE),(193,193,'CorAns for: Q for test: Go For Broke',TRUE),(194,194,'CorAns for: Q for test: A Lot on One’s Plate',TRUE),(195,195,'CorAns for: Q for test: Top Drawer',TRUE),(196,196,'CorAns for: Q for test: High And Dry',TRUE),(197,197,'CorAns for: Q for test: A Home Bird',TRUE),(198,198,'CorAns for: Q for test: Top Drawer',TRUE),(199,199,'CorAns for: Q for test: Needle In a Haystack',TRUE),(200,200,'CorAns for: Q for test: Knuckle Down',TRUE),(201,201,'CorAns for: Q for test: Down To The Wire',TRUE),(202,202,'CorAns for: Q for test: A Hundred and Ten Percent',TRUE),(203,203,'CorAns for: Q for test: Back to Square One',TRUE),(204,204,'CorAns for: Q for test: An Arm and a Leg',TRUE),(205,205,'CorAns for: Q for test: Fish Out Of Water',TRUE),(206,206,'CorAns for: Q for test: Back to Square One',TRUE),(207,207,'CorAns for: Q for test: Fish Out Of Water',TRUE),(208,208,'CorAns for: Q for test: Cry Over Spilt Milk',TRUE),(209,209,'CorAns for: Q for test: Par For the Course',TRUE),(210,210,'CorAns for: Q for test: A Cold Day in Hell',TRUE),(211,211,'CorAns for: Q for test: Go For Broke',TRUE),(212,212,'CorAns for: Q for test: Between a Rock and a Hard Place',TRUE),(213,213,'CorAns for: Q for test: Plot Thickens - The',TRUE),(214,214,'CorAns for: Q for test: Knuckle Down',TRUE),(215,215,'CorAns for: Q for test: Goody Two-Shoes',TRUE),(216,216,'CorAns for: Q for test: A Lot on One’s Plate',TRUE),(217,217,'CorAns for: Q for test: A Lot on One’s Plate',TRUE),(218,218,'CorAns for: Q for test: Elvis Has Left The Building',TRUE),(219,219,'CorAns for: Q for test: Quality Time',TRUE),(220,220,'CorAns for: Q for test: A Fool and His Money are Soon Parted',TRUE),(221,221,'CorAns for: Q for test: Lovey Dovey',TRUE),(222,222,'CorAns for: Q for test: Between a Rock and a Hard Place',TRUE),(223,223,'CorAns for: Q for test: High And Dry',TRUE),(224,224,'CorAns for: Q for test: Go For Broke',TRUE),(225,225,'CorAns for: Q for test: Go For Broke',TRUE),(226,226,'CorAns for: Q for test: Keep Your Eyes Peeled',TRUE),(227,227,'CorAns for: Q for test: Dont Look a Gift Horse In The Mouth',TRUE),(228,228,'CorAns for: Q for test: Hard Pill to Swallow',TRUE),(229,229,'CorAns for: Q for test: Foaming At The Mouth',TRUE),(230,230,'CorAns for: Q for test: Back to Square One',TRUE),(231,231,'CorAns for: Q for test: Between a Rock and a Hard Place',TRUE),(232,232,'CorAns for: Q for test: Par For the Course',TRUE),(233,233,'CorAns for: Q for test: Tough It Out',TRUE),(234,234,'CorAns for: Q for test: Wild Goose Chase',TRUE),(235,235,'CorAns for: Q for test: Playing Possum',TRUE),(236,236,'CorAns for: Q for test: A Fool and His Money are Soon Parted',TRUE),(237,237,'CorAns for: Q for test: Foaming At The Mouth',TRUE),(238,238,'CorAns for: Q for test: Talk the Talk',TRUE),(239,239,'CorAns for: Q for test: Drawing a Blank',TRUE),(240,240,'CorAns for: Q for test: Easy As Pie',TRUE),(241,241,'CorAns for: Q for test: Cut The Mustard',TRUE),(242,242,'CorAns for: Q for test: Talk the Talk',TRUE),(243,243,'CorAns for: Q for test: Long In The Tooth',TRUE),(244,244,'CorAns for: Q for test: Quick On the Draw',TRUE),(245,245,'CorAns for: Q for test: Scot-free',TRUE),(246,246,'CorAns for: Q for test: Put a Sock In It',TRUE),(247,247,'CorAns for: Q for test: Lovey Dovey',TRUE),(248,248,'CorAns for: Q for test: Plot Thickens - The',TRUE),(249,249,'CorAns for: Q for test: Dont Look a Gift Horse In The Mouth',TRUE),(250,250,'CorAns for: Q for test: Foaming At The Mouth',TRUE),(251,251,'CorAns for: Q for test: A Home Bird',TRUE),(252,252,'CorAns for: Q for test: Quick On the Draw',TRUE),(253,253,'CorAns for: Q for test: Par For the Course',TRUE),(254,254,'CorAns for: Q for test: Talk the Talk',TRUE),(255,255,'CorAns for: Q for test: Goody Two-Shoes',TRUE),(256,256,'CorAns for: Q for test: Scot-free',TRUE),(257,257,'CorAns for: Q for test: Its Not Brain Surgery',TRUE),(258,258,'CorAns for: Q for test: Its Not Brain Surgery',TRUE),(259,259,'CorAns for: Q for test: A Hair’s Breadth',TRUE),(260,260,'CorAns for: Q for test: Its Not Brain Surgery',TRUE),(261,261,'CorAns for: Q for test: Knuckle Down',TRUE),(262,262,'CorAns for: Q for test: Dont Count Your Chickens Before They Hatch',TRUE),(263,263,'CorAns for: Q for test: Foaming At The Mouth',TRUE),(264,264,'CorAns for: Q for test: Plot Thickens - The',TRUE),(265,265,'CorAns for: Q for test: Quick On the Draw',TRUE),(266,266,'CorAns for: Q for test: An Arm and a Leg',TRUE),(267,267,'CorAns for: Q for test: A Guinea Pig',TRUE),(268,268,'CorAns for: Q for test: Raining Cats and Dogs',TRUE),(269,269,'CorAns for: Q for test: Down To The Wire',TRUE),(270,270,'CorAns for: Q for test: A Cold Day in Hell',TRUE),(271,271,'CorAns for: Q for test: Plot Thickens - The',TRUE),(272,272,'CorAns for: Q for test: Lovey Dovey',TRUE),(273,273,'CorAns for: Q for test: Knuckle Down',TRUE),(274,274,'CorAns for: Q for test: A Hundred and Ten Percent',TRUE),(275,275,'CorAns for: Q for test: Dont Look a Gift Horse In The Mouth',TRUE),(276,276,'CorAns for: Q for test: Playing Possum',TRUE),(277,277,'CorAns for: Q for test: Cry Over Spilt Milk',TRUE),(278,278,'CorAns for: Q for test: A Hair’s Breadth',TRUE),(279,279,'CorAns for: Q for test: Fish Out Of Water',TRUE),(280,280,'CorAns for: Q for test: Hard Pill to Swallow',TRUE),(281,281,'CorAns for: Q for test: You Cant Teach an Old Dog New Tricks',TRUE),(282,282,'CorAns for: Q for test: High And Dry',TRUE),(283,283,'CorAns for: Q for test: Lovey Dovey',TRUE),(284,284,'CorAns for: Q for test: Plot Thickens - The',TRUE),(285,285,'CorAns for: Q for test: Goody Two-Shoes',TRUE),(286,286,'CorAns for: Q for test: Long In The Tooth',TRUE),(287,287,'CorAns for: Q for test: Tough It Out',TRUE),(288,288,'CorAns for: Q for test: Back to Square One',TRUE),(289,289,'CorAns for: Q for test: A Little from Column A, a Little from Column B',TRUE),(290,290,'CorAns for: Q for test: Playing Possum',TRUE),(291,291,'CorAns for: Q for test: Its Not Brain Surgery',TRUE),(292,292,'CorAns for: Q for test: Raining Cats and Dogs',TRUE),(293,293,'CorAns for: Q for test: Quality Time',TRUE),(294,294,'CorAns for: Q for test: Knuckle Down',TRUE),(295,295,'CorAns for: Q for test: Playing Possum',TRUE),(296,296,'CorAns for: Q for test: Fish Out Of Water',TRUE),(297,297,'CorAns for: Q for test: A Day Late and a Dollar Short',TRUE),(298,298,'CorAns for: Q for test: A Lot on One’s Plate',TRUE),(299,299,'CorAns for: Q for test: Easy As Pie',TRUE),(300,300,'CorAns for: Q for test: Go For Broke',TRUE),(301,1,'IncorAns for: Q for test: A Cold Day in Hell',FALSE),(302,2,'IncorAns for: Q for test: A Day Late and a Dollar Short',FALSE),(303,3,'IncorAns for: Q for test: A Fool and His Money are Soon Parted',FALSE),(304,4,'IncorAns for: Q for test: A Guinea Pig',FALSE),(305,5,'CorAns for: Q for test: A Hair’s Breadth',TRUE),(306,6,'IncorAns for: Q for test: A Home Bird',FALSE),(307,7,'IncorAns for: Q for test: A Hundred and Ten Percent',FALSE),(308,8,'IncorAns for: Q for test: A Little from Column A, a Little from Column B',FALSE),(309,9,'CorAns for: Q for test: A Lot on One’s Plate',TRUE),(310,10,'IncorAns for: Q for test: An Arm and a Leg',FALSE),(311,11,'CorAns for: Q for test: Back to Square One',TRUE),(312,12,'CorAns for: Q for test: Between a Rock and a Hard Place',TRUE),(313,13,'CorAns for: Q for test: Burst Your Bubble',TRUE),(314,14,'CorAns for: Q for test: Cry Over Spilt Milk',TRUE),(315,15,'IncorAns for: Q for test: Cut The Mustard',FALSE),(316,16,'CorAns for: Q for test: Dont Count Your Chickens Before They Hatch',TRUE),(317,17,'IncorAns for: Q for test: Dont Look a Gift Horse In The Mouth',FALSE),(318,18,'CorAns for: Q for test: Down To The Wire',TRUE),(319,19,'CorAns for: Q for test: Drawing a Blank',TRUE),(320,20,'IncorAns for: Q for test: Easy As Pie',FALSE),(321,21,'IncorAns for: Q for test: Elvis Has Left The Building',FALSE),(322,22,'IncorAns for: Q for test: Everything But The Kitchen Sink',FALSE),(323,23,'IncorAns for: Q for test: Fish Out Of Water',FALSE),(324,24,'CorAns for: Q for test: Foaming At The Mouth',TRUE),(325,25,'CorAns for: Q for test: Go For Broke',TRUE),(326,26,'CorAns for: Q for test: Goody Two-Shoes',TRUE),(327,27,'CorAns for: Q for test: Hard Pill to Swallow',TRUE),(328,28,'IncorAns for: Q for test: Head Over Heels',FALSE),(329,29,'CorAns for: Q for test: High And Dry',TRUE),(330,30,'CorAns for: Q for test: Its Not Brain Surgery',TRUE),(331,31,'CorAns for: Q for test: Keep Your Eyes Peeled',TRUE),(332,32,'CorAns for: Q for test: Knuckle Down',TRUE),(333,33,'CorAns for: Q for test: Lickety Split',TRUE),(334,34,'IncorAns for: Q for test: Long In The Tooth',FALSE),(335,35,'IncorAns for: Q for test: Lovey Dovey',FALSE),(336,36,'IncorAns for: Q for test: Needle In a Haystack',FALSE),(337,37,'CorAns for: Q for test: On the Same Page',TRUE),(338,38,'CorAns for: Q for test: Par For the Course',TRUE),(339,39,'IncorAns for: Q for test: Playing Possum',FALSE),(340,40,'CorAns for: Q for test: Plot Thickens - The',TRUE),(341,41,'IncorAns for: Q for test: Put a Sock In It',FALSE),(342,42,'IncorAns for: Q for test: Quality Time',FALSE),(343,43,'IncorAns for: Q for test: Quick On the Draw',FALSE),(344,44,'IncorAns for: Q for test: Raining Cats and Dogs',FALSE),(345,45,'CorAns for: Q for test: Scot-free',TRUE),(346,46,'IncorAns for: Q for test: Talk the Talk',FALSE),(347,47,'IncorAns for: Q for test: Top Drawer',FALSE),(348,48,'IncorAns for: Q for test: Tough It Out',FALSE),(349,49,'IncorAns for: Q for test: Wild Goose Chase',FALSE),(350,50,'CorAns for: Q for test: You Cant Teach an Old Dog New Tricks',TRUE),(351,51,'CorAns for: Q for test: A Cold Day in Hell',TRUE),(352,52,'CorAns for: Q for test: Quality Time',TRUE),(353,53,'IncorAns for: Q for test: Hard Pill to Swallow',FALSE),(354,54,'CorAns for: Q for test: Top Drawer',TRUE),(355,55,'CorAns for: Q for test: High And Dry',TRUE),(356,56,'CorAns for: Q for test: Head Over Heels',TRUE),(357,57,'IncorAns for: Q for test: Tough It Out',FALSE),(358,58,'CorAns for: Q for test: You Cant Teach an Old Dog New Tricks',TRUE),(359,59,'CorAns for: Q for test: Its Not Brain Surgery',TRUE),(360,60,'IncorAns for: Q for test: Quick On the Draw',FALSE),(361,61,'IncorAns for: Q for test: Everything But The Kitchen Sink',FALSE),(362,62,'IncorAns for: Q for test: Lickety Split',FALSE),(363,63,'CorAns for: Q for test: Drawing a Blank',TRUE),(364,64,'IncorAns for: Q for test: A Home Bird',FALSE),(365,65,'IncorAns for: Q for test: A Little from Column A, a Little from Column B',FALSE),(366,66,'IncorAns for: Q for test: Put a Sock In It',FALSE),(367,67,'IncorAns for: Q for test: A Home Bird',FALSE),(368,68,'CorAns for: Q for test: A Day Late and a Dollar Short',TRUE),(369,69,'IncorAns for: Q for test: Lovey Dovey',FALSE),(370,70,'CorAns for: Q for test: Dont Count Your Chickens Before They Hatch',TRUE),(371,71,'IncorAns for: Q for test: Elvis Has Left The Building',FALSE),(372,72,'IncorAns for: Q for test: Plot Thickens - The',FALSE),(373,73,'CorAns for: Q for test: Fish Out Of Water',TRUE),(374,74,'CorAns for: Q for test: Put a Sock In It',TRUE),(375,75,'CorAns for: Q for test: Foaming At The Mouth',TRUE),(376,76,'IncorAns for: Q for test: A Day Late and a Dollar Short',FALSE),(377,77,'IncorAns for: Q for test: A Guinea Pig',FALSE),(378,78,'CorAns for: Q for test: A Little from Column A, a Little from Column B',TRUE),(379,79,'IncorAns for: Q for test: Between a Rock and a Hard Place',FALSE),(380,80,'CorAns for: Q for test: Fish Out Of Water',TRUE),(381,81,'IncorAns for: Q for test: Go For Broke',FALSE),(382,82,'IncorAns for: Q for test: Lovey Dovey',FALSE),(383,83,'IncorAns for: Q for test: A Lot on One’s Plate',FALSE),(384,84,'CorAns for: Q for test: Dont Count Your Chickens Before They Hatch',TRUE),(385,85,'CorAns for: Q for test: Hard Pill to Swallow',TRUE),(386,86,'CorAns for: Q for test: Back to Square One',TRUE),(387,87,'IncorAns for: Q for test: Knuckle Down',FALSE),(388,88,'IncorAns for: Q for test: A Guinea Pig',FALSE),(389,89,'IncorAns for: Q for test: Foaming At The Mouth',FALSE),(390,90,'CorAns for: Q for test: A Fool and His Money are Soon Parted',TRUE),(391,91,'IncorAns for: Q for test: Cut The Mustard',FALSE),(392,92,'CorAns for: Q for test: A Little from Column A, a Little from Column B',TRUE),(393,93,'IncorAns for: Q for test: A Day Late and a Dollar Short',FALSE),(394,94,'IncorAns for: Q for test: Plot Thickens - The',FALSE),(395,95,'IncorAns for: Q for test: Knuckle Down',FALSE),(396,96,'IncorAns for: Q for test: Needle In a Haystack',FALSE),(397,97,'IncorAns for: Q for test: Everything But The Kitchen Sink',FALSE),(398,98,'IncorAns for: Q for test: A Little from Column A, a Little from Column B',FALSE),(399,99,'CorAns for: Q for test: Quality Time',TRUE),(400,100,'CorAns for: Q for test: Dont Count Your Chickens Before They Hatch',TRUE),(401,101,'IncorAns for: Q for test: Dont Count Your Chickens Before They Hatch',FALSE),(402,102,'IncorAns for: Q for test: Playing Possum',FALSE),(403,103,'CorAns for: Q for test: Elvis Has Left The Building',TRUE),(404,104,'CorAns for: Q for test: Drawing a Blank',TRUE),(405,105,'IncorAns for: Q for test: A Guinea Pig',FALSE),(406,106,'CorAns for: Q for test: Quick On the Draw',TRUE),(407,107,'CorAns for: Q for test: Fish Out Of Water',TRUE),(408,108,'CorAns for: Q for test: High And Dry',TRUE),(409,109,'CorAns for: Q for test: Wild Goose Chase',TRUE),(410,110,'CorAns for: Q for test: Plot Thickens - The',TRUE),(411,111,'CorAns for: Q for test: A Cold Day in Hell',TRUE),(412,112,'CorAns for: Q for test: Cry Over Spilt Milk',TRUE),(413,113,'CorAns for: Q for test: Hard Pill to Swallow',TRUE),(414,114,'CorAns for: Q for test: Drawing a Blank',TRUE),(415,115,'CorAns for: Q for test: An Arm and a Leg',TRUE),(416,116,'CorAns for: Q for test: Lovey Dovey',TRUE),(417,117,'CorAns for: Q for test: Keep Your Eyes Peeled',TRUE),(418,118,'CorAns for: Q for test: Long In The Tooth',TRUE),(419,119,'IncorAns for: Q for test: Quick On the Draw',FALSE),(420,120,'IncorAns for: Q for test: Goody Two-Shoes',FALSE),(421,121,'CorAns for: Q for test: Between a Rock and a Hard Place',TRUE),(422,122,'CorAns for: Q for test: Scot-free',TRUE),(423,123,'CorAns for: Q for test: Goody Two-Shoes',TRUE),(424,124,'IncorAns for: Q for test: Dont Look a Gift Horse In The Mouth',FALSE),(425,125,'IncorAns for: Q for test: A Little from Column A, a Little from Column B',FALSE),(426,126,'CorAns for: Q for test: Elvis Has Left The Building',TRUE),(427,127,'IncorAns for: Q for test: An Arm and a Leg',FALSE),(428,128,'CorAns for: Q for test: Long In The Tooth',TRUE),(429,129,'IncorAns for: Q for test: High And Dry',FALSE),(430,130,'CorAns for: Q for test: Scot-free',TRUE),(431,131,'IncorAns for: Q for test: Quality Time',FALSE),(432,132,'IncorAns for: Q for test: Quick On the Draw',FALSE),(433,133,'IncorAns for: Q for test: Between a Rock and a Hard Place',FALSE),(434,134,'CorAns for: Q for test: Fish Out Of Water',TRUE),(435,135,'IncorAns for: Q for test: Back to Square One',FALSE),(436,136,'IncorAns for: Q for test: Quality Time',FALSE),(437,137,'CorAns for: Q for test: A Day Late and a Dollar Short',TRUE),(438,138,'CorAns for: Q for test: Lovey Dovey',TRUE),(439,139,'IncorAns for: Q for test: Long In The Tooth',FALSE),(440,140,'CorAns for: Q for test: Easy As Pie',TRUE),(441,141,'CorAns for: Q for test: Fish Out Of Water',TRUE),(442,142,'IncorAns for: Q for test: Everything But The Kitchen Sink',FALSE),(443,143,'IncorAns for: Q for test: Goody Two-Shoes',FALSE),(444,144,'CorAns for: Q for test: Its Not Brain Surgery',TRUE),(445,145,'CorAns for: Q for test: A Little from Column A, a Little from Column B',TRUE),(446,146,'IncorAns for: Q for test: Tough It Out',FALSE),(447,147,'CorAns for: Q for test: Its Not Brain Surgery',TRUE),(448,148,'CorAns for: Q for test: Dont Count Your Chickens Before They Hatch',TRUE),(449,149,'CorAns for: Q for test: Tough It Out',TRUE),(450,150,'IncorAns for: Q for test: Goody Two-Shoes',FALSE),(451,151,'IncorAns for: Q for test: Lovey Dovey',FALSE),(452,152,'IncorAns for: Q for test: Foaming At The Mouth',FALSE),(453,153,'IncorAns for: Q for test: Burst Your Bubble',FALSE),(454,154,'CorAns for: Q for test: Keep Your Eyes Peeled',TRUE),(455,155,'CorAns for: Q for test: Playing Possum',TRUE),(456,156,'IncorAns for: Q for test: Tough It Out',FALSE),(457,157,'IncorAns for: Q for test: Everything But The Kitchen Sink',FALSE),(458,158,'IncorAns for: Q for test: Lovey Dovey',FALSE),(459,159,'CorAns for: Q for test: Top Drawer',TRUE),(460,160,'CorAns for: Q for test: Par For the Course',TRUE),(461,161,'CorAns for: Q for test: Tough It Out',TRUE),(462,162,'IncorAns for: Q for test: Put a Sock In It',FALSE),(463,163,'IncorAns for: Q for test: A Guinea Pig',FALSE),(464,164,'CorAns for: Q for test: Go For Broke',TRUE),(465,165,'IncorAns for: Q for test: Knuckle Down',FALSE),(466,166,'CorAns for: Q for test: A Guinea Pig',TRUE),(467,167,'IncorAns for: Q for test: Dont Look a Gift Horse In The Mouth',FALSE),(468,168,'CorAns for: Q for test: Easy As Pie',TRUE),(469,169,'CorAns for: Q for test: Scot-free',TRUE),(470,170,'IncorAns for: Q for test: Tough It Out',FALSE),(471,171,'IncorAns for: Q for test: Needle In a Haystack',FALSE),(472,172,'IncorAns for: Q for test: An Arm and a Leg',FALSE),(473,173,'CorAns for: Q for test: A Cold Day in Hell',TRUE),(474,174,'CorAns for: Q for test: On the Same Page',TRUE),(475,175,'CorAns for: Q for test: Everything But The Kitchen Sink',TRUE),(476,176,'CorAns for: Q for test: Quick On the Draw',TRUE),(477,177,'IncorAns for: Q for test: A Hundred and Ten Percent',FALSE),(478,178,'IncorAns for: Q for test: Everything But The Kitchen Sink',FALSE),(479,179,'CorAns for: Q for test: Tough It Out',TRUE),(480,180,'CorAns for: Q for test: Burst Your Bubble',TRUE),(481,181,'CorAns for: Q for test: A Day Late and a Dollar Short',TRUE),(482,182,'IncorAns for: Q for test: Talk the Talk',FALSE),(483,183,'IncorAns for: Q for test: Hard Pill to Swallow',FALSE),(484,184,'IncorAns for: Q for test: Put a Sock In It',FALSE),(485,185,'CorAns for: Q for test: A Little from Column A, a Little from Column B',TRUE),(486,186,'CorAns for: Q for test: A Day Late and a Dollar Short',TRUE),(487,187,'CorAns for: Q for test: Elvis Has Left The Building',TRUE),(488,188,'IncorAns for: Q for test: An Arm and a Leg',FALSE),(489,189,'CorAns for: Q for test: Between a Rock and a Hard Place',TRUE),(490,190,'CorAns for: Q for test: Goody Two-Shoes',TRUE),(491,191,'IncorAns for: Q for test: Between a Rock and a Hard Place',FALSE),(492,192,'CorAns for: Q for test: A Little from Column A, a Little from Column B',TRUE),(493,193,'CorAns for: Q for test: Go For Broke',TRUE),(494,194,'CorAns for: Q for test: A Lot on One’s Plate',TRUE),(495,195,'CorAns for: Q for test: Top Drawer',TRUE),(496,196,'CorAns for: Q for test: High And Dry',TRUE),(497,197,'CorAns for: Q for test: A Home Bird',TRUE),(498,198,'CorAns for: Q for test: Top Drawer',TRUE),(499,199,'CorAns for: Q for test: Needle In a Haystack',TRUE),(500,200,'CorAns for: Q for test: Knuckle Down',TRUE),(501,201,'IncorAns for: Q for test: Down To The Wire',FALSE),(502,202,'IncorAns for: Q for test: A Hundred and Ten Percent',FALSE),(503,203,'IncorAns for: Q for test: Back to Square One',FALSE),(504,204,'CorAns for: Q for test: An Arm and a Leg',TRUE),(505,205,'IncorAns for: Q for test: Fish Out Of Water',FALSE),(506,206,'CorAns for: Q for test: Back to Square One',TRUE),(507,207,'IncorAns for: Q for test: Fish Out Of Water',FALSE),(508,208,'IncorAns for: Q for test: Cry Over Spilt Milk',FALSE),(509,209,'IncorAns for: Q for test: Par For the Course',FALSE),(510,210,'IncorAns for: Q for test: A Cold Day in Hell',FALSE),(511,211,'IncorAns for: Q for test: Go For Broke',FALSE),(512,212,'IncorAns for: Q for test: Between a Rock and a Hard Place',FALSE),(513,213,'CorAns for: Q for test: Plot Thickens - The',TRUE),(514,214,'IncorAns for: Q for test: Knuckle Down',FALSE),(515,215,'IncorAns for: Q for test: Goody Two-Shoes',FALSE),(516,216,'IncorAns for: Q for test: A Lot on One’s Plate',FALSE),(517,217,'IncorAns for: Q for test: A Lot on One’s Plate',FALSE),(518,218,'IncorAns for: Q for test: Elvis Has Left The Building',FALSE),(519,219,'IncorAns for: Q for test: Quality Time',FALSE),(520,220,'IncorAns for: Q for test: A Fool and His Money are Soon Parted',FALSE),(521,221,'CorAns for: Q for test: Lovey Dovey',TRUE),(522,222,'CorAns for: Q for test: Between a Rock and a Hard Place',TRUE),(523,223,'CorAns for: Q for test: High And Dry',TRUE),(524,224,'IncorAns for: Q for test: Go For Broke',FALSE),(525,225,'IncorAns for: Q for test: Go For Broke',FALSE),(526,226,'IncorAns for: Q for test: Keep Your Eyes Peeled',FALSE),(527,227,'CorAns for: Q for test: Dont Look a Gift Horse In The Mouth',TRUE),(528,228,'CorAns for: Q for test: Hard Pill to Swallow',TRUE),(529,229,'IncorAns for: Q for test: Foaming At The Mouth',FALSE),(530,230,'CorAns for: Q for test: Back to Square One',TRUE),(531,231,'IncorAns for: Q for test: Between a Rock and a Hard Place',FALSE),(532,232,'CorAns for: Q for test: Par For the Course',TRUE),(533,233,'CorAns for: Q for test: Tough It Out',TRUE),(534,234,'IncorAns for: Q for test: Wild Goose Chase',FALSE),(535,235,'CorAns for: Q for test: Playing Possum',TRUE),(536,236,'IncorAns for: Q for test: A Fool and His Money are Soon Parted',FALSE),(537,237,'CorAns for: Q for test: Foaming At The Mouth',TRUE),(538,238,'IncorAns for: Q for test: Talk the Talk',FALSE),(539,239,'IncorAns for: Q for test: Drawing a Blank',FALSE),(540,240,'CorAns for: Q for test: Easy As Pie',TRUE),(541,241,'IncorAns for: Q for test: Cut The Mustard',FALSE),(542,242,'IncorAns for: Q for test: Talk the Talk',FALSE),(543,243,'IncorAns for: Q for test: Long In The Tooth',FALSE),(544,244,'CorAns for: Q for test: Quick On the Draw',TRUE),(545,245,'CorAns for: Q for test: Scot-free',TRUE),(546,246,'CorAns for: Q for test: Put a Sock In It',TRUE),(547,247,'CorAns for: Q for test: Lovey Dovey',TRUE),(548,248,'IncorAns for: Q for test: Plot Thickens - The',FALSE),(549,249,'CorAns for: Q for test: Dont Look a Gift Horse In The Mouth',TRUE),(550,250,'IncorAns for: Q for test: Foaming At The Mouth',FALSE),(551,251,'CorAns for: Q for test: A Home Bird',TRUE),(552,252,'CorAns for: Q for test: Quick On the Draw',TRUE),(553,253,'IncorAns for: Q for test: Par For the Course',FALSE),(554,254,'IncorAns for: Q for test: Talk the Talk',FALSE),(555,255,'CorAns for: Q for test: Goody Two-Shoes',TRUE),(556,256,'CorAns for: Q for test: Scot-free',TRUE),(557,257,'CorAns for: Q for test: Its Not Brain Surgery',TRUE),(558,258,'CorAns for: Q for test: Its Not Brain Surgery',TRUE),(559,259,'IncorAns for: Q for test: A Hair’s Breadth',FALSE),(560,260,'IncorAns for: Q for test: Its Not Brain Surgery',FALSE),(561,261,'IncorAns for: Q for test: Knuckle Down',FALSE),(562,262,'IncorAns for: Q for test: Dont Count Your Chickens Before They Hatch',FALSE),(563,263,'IncorAns for: Q for test: Foaming At The Mouth',FALSE),(564,264,'CorAns for: Q for test: Plot Thickens - The',TRUE),(565,265,'CorAns for: Q for test: Quick On the Draw',TRUE),(566,266,'IncorAns for: Q for test: An Arm and a Leg',FALSE),(567,267,'CorAns for: Q for test: A Guinea Pig',TRUE),(568,268,'IncorAns for: Q for test: Raining Cats and Dogs',FALSE),(569,269,'CorAns for: Q for test: Down To The Wire',TRUE),(570,270,'CorAns for: Q for test: A Cold Day in Hell',TRUE),(571,271,'CorAns for: Q for test: Plot Thickens - The',TRUE),(572,272,'CorAns for: Q for test: Lovey Dovey',TRUE),(573,273,'CorAns for: Q for test: Knuckle Down',TRUE),(574,274,'IncorAns for: Q for test: A Hundred and Ten Percent',FALSE),(575,275,'IncorAns for: Q for test: Dont Look a Gift Horse In The Mouth',FALSE),(576,276,'IncorAns for: Q for test: Playing Possum',FALSE),(577,277,'CorAns for: Q for test: Cry Over Spilt Milk',TRUE),(578,278,'CorAns for: Q for test: A Hair’s Breadth',TRUE),(579,279,'CorAns for: Q for test: Fish Out Of Water',TRUE),(580,280,'IncorAns for: Q for test: Hard Pill to Swallow',FALSE),(581,281,'IncorAns for: Q for test: You Cant Teach an Old Dog New Tricks',FALSE),(582,282,'CorAns for: Q for test: High And Dry',TRUE),(583,283,'CorAns for: Q for test: Lovey Dovey',TRUE),(584,284,'CorAns for: Q for test: Plot Thickens - The',TRUE),(585,285,'CorAns for: Q for test: Goody Two-Shoes',TRUE),(586,286,'IncorAns for: Q for test: Long In The Tooth',FALSE),(587,287,'CorAns for: Q for test: Tough It Out',TRUE),(588,288,'IncorAns for: Q for test: Back to Square One',FALSE),(589,289,'CorAns for: Q for test: A Little from Column A, a Little from Column B',TRUE),(590,290,'CorAns for: Q for test: Playing Possum',TRUE),(591,291,'IncorAns for: Q for test: Its Not Brain Surgery',FALSE),(592,292,'IncorAns for: Q for test: Raining Cats and Dogs',FALSE),(593,293,'IncorAns for: Q for test: Quality Time',FALSE),(594,294,'IncorAns for: Q for test: Knuckle Down',FALSE),(595,295,'IncorAns for: Q for test: Playing Possum',FALSE),(596,296,'CorAns for: Q for test: Fish Out Of Water',TRUE);
INSERT INTO answer VALUES (597,297,'IncorAns for: Q for test: A Day Late and a Dollar Short',FALSE),(598,298,'CorAns for: Q for test: A Lot on One’s Plate',TRUE),(599,299,'CorAns for: Q for test: Easy As Pie',TRUE),(600,300,'CorAns for: Q for test: Go For Broke',TRUE),(601,1,'CorAns for: Q for test: A Cold Day in Hell',TRUE),(602,2,'IncorAns for: Q for test: A Day Late and a Dollar Short',FALSE),(603,3,'CorAns for: Q for test: A Fool and His Money are Soon Parted',TRUE),(604,4,'CorAns for: Q for test: A Guinea Pig',TRUE),(605,5,'IncorAns for: Q for test: A Hair’s Breadth',FALSE),(606,6,'IncorAns for: Q for test: A Home Bird',FALSE),(607,7,'CorAns for: Q for test: A Hundred and Ten Percent',TRUE),(608,8,'CorAns for: Q for test: A Little from Column A, a Little from Column B',TRUE),(609,9,'IncorAns for: Q for test: A Lot on One’s Plate',FALSE),(610,10,'IncorAns for: Q for test: An Arm and a Leg',FALSE),(611,11,'IncorAns for: Q for test: Back to Square One',FALSE),(612,12,'IncorAns for: Q for test: Between a Rock and a Hard Place',FALSE),(613,13,'IncorAns for: Q for test: Burst Your Bubble',FALSE),(614,14,'IncorAns for: Q for test: Cry Over Spilt Milk',FALSE),(615,15,'IncorAns for: Q for test: Cut The Mustard',FALSE),(616,16,'IncorAns for: Q for test: Dont Count Your Chickens Before They Hatch',FALSE),(617,17,'IncorAns for: Q for test: Dont Look a Gift Horse In The Mouth',FALSE),(618,18,'IncorAns for: Q for test: Down To The Wire',FALSE),(619,19,'IncorAns for: Q for test: Drawing a Blank',FALSE),(620,20,'IncorAns for: Q for test: Easy As Pie',FALSE),(621,21,'CorAns for: Q for test: Elvis Has Left The Building',TRUE),(622,22,'CorAns for: Q for test: Everything But The Kitchen Sink',TRUE),(623,23,'IncorAns for: Q for test: Fish Out Of Water',FALSE),(624,24,'IncorAns for: Q for test: Foaming At The Mouth',FALSE),(625,25,'IncorAns for: Q for test: Go For Broke',FALSE),(626,26,'IncorAns for: Q for test: Goody Two-Shoes',FALSE),(627,27,'IncorAns for: Q for test: Hard Pill to Swallow',FALSE),(628,28,'IncorAns for: Q for test: Head Over Heels',FALSE),(629,29,'CorAns for: Q for test: High And Dry',TRUE),(630,30,'CorAns for: Q for test: Its Not Brain Surgery',TRUE),(631,31,'CorAns for: Q for test: Keep Your Eyes Peeled',TRUE),(632,32,'CorAns for: Q for test: Knuckle Down',TRUE),(633,33,'IncorAns for: Q for test: Lickety Split',FALSE),(634,34,'IncorAns for: Q for test: Long In The Tooth',FALSE),(635,35,'IncorAns for: Q for test: Lovey Dovey',FALSE),(636,36,'IncorAns for: Q for test: Needle In a Haystack',FALSE),(637,37,'IncorAns for: Q for test: On the Same Page',FALSE),(638,38,'IncorAns for: Q for test: Par For the Course',FALSE),(639,39,'CorAns for: Q for test: Playing Possum',TRUE),(640,40,'IncorAns for: Q for test: Plot Thickens - The',FALSE),(641,41,'CorAns for: Q for test: Put a Sock In It',TRUE),(642,42,'CorAns for: Q for test: Quality Time',TRUE),(643,43,'IncorAns for: Q for test: Quick On the Draw',FALSE),(644,44,'IncorAns for: Q for test: Raining Cats and Dogs',FALSE),(645,45,'CorAns for: Q for test: Scot-free',TRUE),(646,46,'CorAns for: Q for test: Talk the Talk',TRUE),(647,47,'IncorAns for: Q for test: Top Drawer',FALSE),(648,48,'CorAns for: Q for test: Tough It Out',TRUE),(649,49,'CorAns for: Q for test: Wild Goose Chase',TRUE),(650,50,'CorAns for: Q for test: You Cant Teach an Old Dog New Tricks',TRUE),(651,51,'CorAns for: Q for test: A Cold Day in Hell',TRUE),(652,52,'IncorAns for: Q for test: Quality Time',FALSE),(653,53,'IncorAns for: Q for test: Hard Pill to Swallow',FALSE),(654,54,'IncorAns for: Q for test: Top Drawer',FALSE),(655,55,'IncorAns for: Q for test: High And Dry',FALSE),(656,56,'CorAns for: Q for test: Head Over Heels',TRUE),(657,57,'IncorAns for: Q for test: Tough It Out',FALSE),(658,58,'CorAns for: Q for test: You Cant Teach an Old Dog New Tricks',TRUE),(659,59,'CorAns for: Q for test: Its Not Brain Surgery',TRUE),(660,60,'CorAns for: Q for test: Quick On the Draw',TRUE),(661,61,'IncorAns for: Q for test: Everything But The Kitchen Sink',FALSE),(662,62,'CorAns for: Q for test: Lickety Split',TRUE),(663,63,'CorAns for: Q for test: Drawing a Blank',TRUE),(664,64,'IncorAns for: Q for test: A Home Bird',FALSE),(665,65,'IncorAns for: Q for test: A Little from Column A, a Little from Column B',FALSE),(666,66,'IncorAns for: Q for test: Put a Sock In It',FALSE),(667,67,'CorAns for: Q for test: A Home Bird',TRUE),(668,68,'IncorAns for: Q for test: A Day Late and a Dollar Short',FALSE),(669,69,'CorAns for: Q for test: Lovey Dovey',TRUE),(670,70,'CorAns for: Q for test: Dont Count Your Chickens Before They Hatch',TRUE),(671,71,'CorAns for: Q for test: Elvis Has Left The Building',TRUE),(672,72,'CorAns for: Q for test: Plot Thickens - The',TRUE),(673,73,'CorAns for: Q for test: Fish Out Of Water',TRUE),(674,74,'IncorAns for: Q for test: Put a Sock In It',FALSE),(675,75,'CorAns for: Q for test: Foaming At The Mouth',TRUE),(676,76,'CorAns for: Q for test: A Day Late and a Dollar Short',TRUE),(677,77,'IncorAns for: Q for test: A Guinea Pig',FALSE),(678,78,'IncorAns for: Q for test: A Little from Column A, a Little from Column B',FALSE),(679,79,'IncorAns for: Q for test: Between a Rock and a Hard Place',FALSE),(680,80,'IncorAns for: Q for test: Fish Out Of Water',FALSE),(681,81,'CorAns for: Q for test: Go For Broke',TRUE),(682,82,'CorAns for: Q for test: Lovey Dovey',TRUE),(683,83,'CorAns for: Q for test: A Lot on One’s Plate',TRUE),(684,84,'CorAns for: Q for test: Dont Count Your Chickens Before They Hatch',TRUE),(685,85,'CorAns for: Q for test: Hard Pill to Swallow',TRUE),(686,86,'CorAns for: Q for test: Back to Square One',TRUE),(687,87,'CorAns for: Q for test: Knuckle Down',TRUE),(688,88,'CorAns for: Q for test: A Guinea Pig',TRUE),(689,89,'CorAns for: Q for test: Foaming At The Mouth',TRUE),(690,90,'IncorAns for: Q for test: A Fool and His Money are Soon Parted',FALSE),(691,91,'CorAns for: Q for test: Cut The Mustard',TRUE),(692,92,'IncorAns for: Q for test: A Little from Column A, a Little from Column B',FALSE),(693,93,'IncorAns for: Q for test: A Day Late and a Dollar Short',FALSE),(694,94,'IncorAns for: Q for test: Plot Thickens - The',FALSE),(695,95,'CorAns for: Q for test: Knuckle Down',TRUE),(696,96,'CorAns for: Q for test: Needle In a Haystack',TRUE),(697,97,'IncorAns for: Q for test: Everything But The Kitchen Sink',FALSE),(698,98,'IncorAns for: Q for test: A Little from Column A, a Little from Column B',FALSE),(699,99,'IncorAns for: Q for test: Quality Time',FALSE),(700,100,'IncorAns for: Q for test: Dont Count Your Chickens Before They Hatch',FALSE),(701,101,'IncorAns for: Q for test: Dont Count Your Chickens Before They Hatch',FALSE),(702,102,'IncorAns for: Q for test: Playing Possum',FALSE),(703,103,'IncorAns for: Q for test: Elvis Has Left The Building',FALSE),(704,104,'CorAns for: Q for test: Drawing a Blank',TRUE),(705,105,'CorAns for: Q for test: A Guinea Pig',TRUE),(706,106,'IncorAns for: Q for test: Quick On the Draw',FALSE),(707,107,'CorAns for: Q for test: Fish Out Of Water',TRUE),(708,108,'CorAns for: Q for test: High And Dry',TRUE),(709,109,'CorAns for: Q for test: Wild Goose Chase',TRUE),(710,110,'IncorAns for: Q for test: Plot Thickens - The',FALSE),(711,111,'CorAns for: Q for test: A Cold Day in Hell',TRUE),(712,112,'IncorAns for: Q for test: Cry Over Spilt Milk',FALSE),(713,113,'CorAns for: Q for test: Hard Pill to Swallow',TRUE),(714,114,'IncorAns for: Q for test: Drawing a Blank',FALSE),(715,115,'IncorAns for: Q for test: An Arm and a Leg',FALSE),(716,116,'CorAns for: Q for test: Lovey Dovey',TRUE),(717,117,'IncorAns for: Q for test: Keep Your Eyes Peeled',FALSE),(718,118,'CorAns for: Q for test: Long In The Tooth',TRUE),(719,119,'CorAns for: Q for test: Quick On the Draw',TRUE),(720,120,'CorAns for: Q for test: Goody Two-Shoes',TRUE),(721,121,'CorAns for: Q for test: Between a Rock and a Hard Place',TRUE),(722,122,'IncorAns for: Q for test: Scot-free',FALSE),(723,123,'CorAns for: Q for test: Goody Two-Shoes',TRUE),(724,124,'CorAns for: Q for test: Dont Look a Gift Horse In The Mouth',TRUE),(725,125,'IncorAns for: Q for test: A Little from Column A, a Little from Column B',FALSE),(726,126,'CorAns for: Q for test: Elvis Has Left The Building',TRUE),(727,127,'IncorAns for: Q for test: An Arm and a Leg',FALSE),(728,128,'IncorAns for: Q for test: Long In The Tooth',FALSE),(729,129,'IncorAns for: Q for test: High And Dry',FALSE),(730,130,'CorAns for: Q for test: Scot-free',TRUE),(731,131,'CorAns for: Q for test: Quality Time',TRUE),(732,132,'CorAns for: Q for test: Quick On the Draw',TRUE),(733,133,'CorAns for: Q for test: Between a Rock and a Hard Place',TRUE),(734,134,'CorAns for: Q for test: Fish Out Of Water',TRUE),(735,135,'CorAns for: Q for test: Back to Square One',TRUE),(736,136,'IncorAns for: Q for test: Quality Time',FALSE),(737,137,'IncorAns for: Q for test: A Day Late and a Dollar Short',FALSE),(738,138,'CorAns for: Q for test: Lovey Dovey',TRUE),(739,139,'IncorAns for: Q for test: Long In The Tooth',FALSE),(740,140,'IncorAns for: Q for test: Easy As Pie',FALSE),(741,141,'IncorAns for: Q for test: Fish Out Of Water',FALSE),(742,142,'IncorAns for: Q for test: Everything But The Kitchen Sink',FALSE),(743,143,'IncorAns for: Q for test: Goody Two-Shoes',FALSE),(744,144,'CorAns for: Q for test: Its Not Brain Surgery',TRUE),(745,145,'IncorAns for: Q for test: A Little from Column A, a Little from Column B',FALSE),(746,146,'IncorAns for: Q for test: Tough It Out',FALSE),(747,147,'CorAns for: Q for test: Its Not Brain Surgery',TRUE),(748,148,'IncorAns for: Q for test: Dont Count Your Chickens Before They Hatch',FALSE),(749,149,'CorAns for: Q for test: Tough It Out',TRUE),(750,150,'IncorAns for: Q for test: Goody Two-Shoes',FALSE),(751,151,'CorAns for: Q for test: Lovey Dovey',TRUE),(752,152,'CorAns for: Q for test: Foaming At The Mouth',TRUE),(753,153,'IncorAns for: Q for test: Burst Your Bubble',FALSE),(754,154,'IncorAns for: Q for test: Keep Your Eyes Peeled',FALSE),(755,155,'CorAns for: Q for test: Playing Possum',TRUE),(756,156,'IncorAns for: Q for test: Tough It Out',FALSE),(757,157,'IncorAns for: Q for test: Everything But The Kitchen Sink',FALSE),(758,158,'CorAns for: Q for test: Lovey Dovey',TRUE),(759,159,'CorAns for: Q for test: Top Drawer',TRUE),(760,160,'IncorAns for: Q for test: Par For the Course',FALSE),(761,161,'IncorAns for: Q for test: Tough It Out',FALSE),(762,162,'IncorAns for: Q for test: Put a Sock In It',FALSE),(763,163,'IncorAns for: Q for test: A Guinea Pig',FALSE),(764,164,'IncorAns for: Q for test: Go For Broke',FALSE),(765,165,'IncorAns for: Q for test: Knuckle Down',FALSE),(766,166,'IncorAns for: Q for test: A Guinea Pig',FALSE),(767,167,'IncorAns for: Q for test: Dont Look a Gift Horse In The Mouth',FALSE),(768,168,'IncorAns for: Q for test: Easy As Pie',FALSE),(769,169,'CorAns for: Q for test: Scot-free',TRUE),(770,170,'IncorAns for: Q for test: Tough It Out',FALSE),(771,171,'CorAns for: Q for test: Needle In a Haystack',TRUE),(772,172,'CorAns for: Q for test: An Arm and a Leg',TRUE),(773,173,'IncorAns for: Q for test: A Cold Day in Hell',FALSE),(774,174,'CorAns for: Q for test: On the Same Page',TRUE),(775,175,'CorAns for: Q for test: Everything But The Kitchen Sink',TRUE),(776,176,'CorAns for: Q for test: Quick On the Draw',TRUE),(777,177,'CorAns for: Q for test: A Hundred and Ten Percent',TRUE),(778,178,'CorAns for: Q for test: Everything But The Kitchen Sink',TRUE),(779,179,'IncorAns for: Q for test: Tough It Out',FALSE),(780,180,'CorAns for: Q for test: Burst Your Bubble',TRUE),(781,181,'IncorAns for: Q for test: A Day Late and a Dollar Short',FALSE),(782,182,'CorAns for: Q for test: Talk the Talk',TRUE),(783,183,'IncorAns for: Q for test: Hard Pill to Swallow',FALSE),(784,184,'CorAns for: Q for test: Put a Sock In It',TRUE),(785,185,'CorAns for: Q for test: A Little from Column A, a Little from Column B',TRUE),(786,186,'IncorAns for: Q for test: A Day Late and a Dollar Short',FALSE),(787,187,'IncorAns for: Q for test: Elvis Has Left The Building',FALSE),(788,188,'IncorAns for: Q for test: An Arm and a Leg',FALSE),(789,189,'IncorAns for: Q for test: Between a Rock and a Hard Place',FALSE),(790,190,'IncorAns for: Q for test: Goody Two-Shoes',FALSE),(791,191,'CorAns for: Q for test: Between a Rock and a Hard Place',TRUE),(792,192,'IncorAns for: Q for test: A Little from Column A, a Little from Column B',FALSE),(793,193,'IncorAns for: Q for test: Go For Broke',FALSE),(794,194,'IncorAns for: Q for test: A Lot on One’s Plate',FALSE),(795,195,'IncorAns for: Q for test: Top Drawer',FALSE),(796,196,'CorAns for: Q for test: High And Dry',TRUE),(797,197,'IncorAns for: Q for test: A Home Bird',FALSE),(798,198,'IncorAns for: Q for test: Top Drawer',FALSE),(799,199,'IncorAns for: Q for test: Needle In a Haystack',FALSE),(800,200,'CorAns for: Q for test: Knuckle Down',TRUE),(801,201,'IncorAns for: Q for test: Down To The Wire',FALSE),(802,202,'IncorAns for: Q for test: A Hundred and Ten Percent',FALSE),(803,203,'IncorAns for: Q for test: Back to Square One',FALSE),(804,204,'IncorAns for: Q for test: An Arm and a Leg',FALSE),(805,205,'CorAns for: Q for test: Fish Out Of Water',TRUE),(806,206,'CorAns for: Q for test: Back to Square One',TRUE),(807,207,'CorAns for: Q for test: Fish Out Of Water',TRUE),(808,208,'IncorAns for: Q for test: Cry Over Spilt Milk',FALSE),(809,209,'IncorAns for: Q for test: Par For the Course',FALSE),(810,210,'IncorAns for: Q for test: A Cold Day in Hell',FALSE),(811,211,'CorAns for: Q for test: Go For Broke',TRUE),(812,212,'IncorAns for: Q for test: Between a Rock and a Hard Place',FALSE),(813,213,'CorAns for: Q for test: Plot Thickens - The',TRUE),(814,214,'IncorAns for: Q for test: Knuckle Down',FALSE),(815,215,'CorAns for: Q for test: Goody Two-Shoes',TRUE),(816,216,'CorAns for: Q for test: A Lot on One’s Plate',TRUE),(817,217,'IncorAns for: Q for test: A Lot on One’s Plate',FALSE),(818,218,'CorAns for: Q for test: Elvis Has Left The Building',TRUE),(819,219,'CorAns for: Q for test: Quality Time',TRUE),(820,220,'CorAns for: Q for test: A Fool and His Money are Soon Parted',TRUE),(821,221,'CorAns for: Q for test: Lovey Dovey',TRUE),(822,222,'CorAns for: Q for test: Between a Rock and a Hard Place',TRUE),(823,223,'IncorAns for: Q for test: High And Dry',FALSE),(824,224,'CorAns for: Q for test: Go For Broke',TRUE),(825,225,'IncorAns for: Q for test: Go For Broke',FALSE),(826,226,'IncorAns for: Q for test: Keep Your Eyes Peeled',FALSE),(827,227,'CorAns for: Q for test: Dont Look a Gift Horse In The Mouth',TRUE),(828,228,'CorAns for: Q for test: Hard Pill to Swallow',TRUE),(829,229,'CorAns for: Q for test: Foaming At The Mouth',TRUE),(830,230,'IncorAns for: Q for test: Back to Square One',FALSE),(831,231,'CorAns for: Q for test: Between a Rock and a Hard Place',TRUE),(832,232,'IncorAns for: Q for test: Par For the Course',FALSE),(833,233,'IncorAns for: Q for test: Tough It Out',FALSE),(834,234,'CorAns for: Q for test: Wild Goose Chase',TRUE),(835,235,'IncorAns for: Q for test: Playing Possum',FALSE),(836,236,'CorAns for: Q for test: A Fool and His Money are Soon Parted',TRUE),(837,237,'CorAns for: Q for test: Foaming At The Mouth',TRUE),(838,238,'IncorAns for: Q for test: Talk the Talk',FALSE),(839,239,'IncorAns for: Q for test: Drawing a Blank',FALSE),(840,240,'CorAns for: Q for test: Easy As Pie',TRUE),(841,241,'CorAns for: Q for test: Cut The Mustard',TRUE),(842,242,'CorAns for: Q for test: Talk the Talk',TRUE),(843,243,'CorAns for: Q for test: Long In The Tooth',TRUE),(844,244,'IncorAns for: Q for test: Quick On the Draw',FALSE),(845,245,'CorAns for: Q for test: Scot-free',TRUE),(846,246,'CorAns for: Q for test: Put a Sock In It',TRUE),(847,247,'CorAns for: Q for test: Lovey Dovey',TRUE),(848,248,'IncorAns for: Q for test: Plot Thickens - The',FALSE),(849,249,'IncorAns for: Q for test: Dont Look a Gift Horse In The Mouth',FALSE),(850,250,'CorAns for: Q for test: Foaming At The Mouth',TRUE),(851,251,'CorAns for: Q for test: A Home Bird',TRUE),(852,252,'IncorAns for: Q for test: Quick On the Draw',FALSE),(853,253,'CorAns for: Q for test: Par For the Course',TRUE),(854,254,'CorAns for: Q for test: Talk the Talk',TRUE),(855,255,'IncorAns for: Q for test: Goody Two-Shoes',FALSE),(856,256,'IncorAns for: Q for test: Scot-free',FALSE),(857,257,'IncorAns for: Q for test: Its Not Brain Surgery',FALSE),(858,258,'CorAns for: Q for test: Its Not Brain Surgery',TRUE),(859,259,'IncorAns for: Q for test: A Hair’s Breadth',FALSE),(860,260,'IncorAns for: Q for test: Its Not Brain Surgery',FALSE),(861,261,'CorAns for: Q for test: Knuckle Down',TRUE),(862,262,'CorAns for: Q for test: Dont Count Your Chickens Before They Hatch',TRUE),(863,263,'CorAns for: Q for test: Foaming At The Mouth',TRUE),(864,264,'CorAns for: Q for test: Plot Thickens - The',TRUE),(865,265,'IncorAns for: Q for test: Quick On the Draw',FALSE),(866,266,'CorAns for: Q for test: An Arm and a Leg',TRUE),(867,267,'CorAns for: Q for test: A Guinea Pig',TRUE),(868,268,'IncorAns for: Q for test: Raining Cats and Dogs',FALSE),(869,269,'CorAns for: Q for test: Down To The Wire',TRUE),(870,270,'IncorAns for: Q for test: A Cold Day in Hell',FALSE),(871,271,'IncorAns for: Q for test: Plot Thickens - The',FALSE),(872,272,'CorAns for: Q for test: Lovey Dovey',TRUE),(873,273,'CorAns for: Q for test: Knuckle Down',TRUE),(874,274,'IncorAns for: Q for test: A Hundred and Ten Percent',FALSE),(875,275,'IncorAns for: Q for test: Dont Look a Gift Horse In The Mouth',FALSE),(876,276,'CorAns for: Q for test: Playing Possum',TRUE),(877,277,'IncorAns for: Q for test: Cry Over Spilt Milk',FALSE),(878,278,'CorAns for: Q for test: A Hair’s Breadth',TRUE),(879,279,'IncorAns for: Q for test: Fish Out Of Water',FALSE),(880,280,'IncorAns for: Q for test: Hard Pill to Swallow',FALSE),(881,281,'CorAns for: Q for test: You Cant Teach an Old Dog New Tricks',TRUE),(882,282,'IncorAns for: Q for test: High And Dry',FALSE),(883,283,'CorAns for: Q for test: Lovey Dovey',TRUE),(884,284,'IncorAns for: Q for test: Plot Thickens - The',FALSE),(885,285,'IncorAns for: Q for test: Goody Two-Shoes',FALSE),(886,286,'CorAns for: Q for test: Long In The Tooth',TRUE),(887,287,'IncorAns for: Q for test: Tough It Out',FALSE),(888,288,'IncorAns for: Q for test: Back to Square One',FALSE),(889,289,'IncorAns for: Q for test: A Little from Column A, a Little from Column B',FALSE),(890,290,'CorAns for: Q for test: Playing Possum',TRUE),(891,291,'IncorAns for: Q for test: Its Not Brain Surgery',FALSE),(892,292,'CorAns for: Q for test: Raining Cats and Dogs',TRUE),(893,293,'IncorAns for: Q for test: Quality Time',FALSE),(894,294,'CorAns for: Q for test: Knuckle Down',TRUE),(895,295,'CorAns for: Q for test: Playing Possum',TRUE),(896,296,'CorAns for: Q for test: Fish Out Of Water',TRUE),(897,297,'IncorAns for: Q for test: A Day Late and a Dollar Short',FALSE),(898,298,'CorAns for: Q for test: A Lot on One’s Plate',TRUE),(899,299,'IncorAns for: Q for test: Easy As Pie',FALSE),(900,300,'CorAns for: Q for test: Go For Broke',TRUE),(901,1,'CorAns for: Q for test: A Cold Day in Hell',TRUE),(902,2,'IncorAns for: Q for test: A Day Late and a Dollar Short',FALSE),(903,3,'CorAns for: Q for test: A Fool and His Money are Soon Parted',TRUE),(904,4,'CorAns for: Q for test: A Guinea Pig',TRUE),(905,5,'IncorAns for: Q for test: A Hair’s Breadth',FALSE),(906,6,'IncorAns for: Q for test: A Home Bird',FALSE),(907,7,'CorAns for: Q for test: A Hundred and Ten Percent',TRUE),(908,8,'IncorAns for: Q for test: A Little from Column A, a Little from Column B',FALSE),(909,9,'IncorAns for: Q for test: A Lot on One’s Plate',FALSE),(910,10,'IncorAns for: Q for test: An Arm and a Leg',FALSE),(911,11,'CorAns for: Q for test: Back to Square One',TRUE),(912,12,'IncorAns for: Q for test: Between a Rock and a Hard Place',FALSE),(913,13,'CorAns for: Q for test: Burst Your Bubble',TRUE),(914,14,'CorAns for: Q for test: Cry Over Spilt Milk',TRUE),(915,15,'CorAns for: Q for test: Cut The Mustard',TRUE),(916,16,'CorAns for: Q for test: Dont Count Your Chickens Before They Hatch',TRUE),(917,17,'IncorAns for: Q for test: Dont Look a Gift Horse In The Mouth',FALSE),(918,18,'IncorAns for: Q for test: Down To The Wire',FALSE),(919,19,'IncorAns for: Q for test: Drawing a Blank',FALSE),(920,20,'CorAns for: Q for test: Easy As Pie',TRUE),(921,21,'IncorAns for: Q for test: Elvis Has Left The Building',FALSE),(922,22,'CorAns for: Q for test: Everything But The Kitchen Sink',TRUE),(923,23,'CorAns for: Q for test: Fish Out Of Water',TRUE),(924,24,'CorAns for: Q for test: Foaming At The Mouth',TRUE),(925,25,'IncorAns for: Q for test: Go For Broke',FALSE),(926,26,'CorAns for: Q for test: Goody Two-Shoes',TRUE),(927,27,'CorAns for: Q for test: Hard Pill to Swallow',TRUE),(928,28,'CorAns for: Q for test: Head Over Heels',TRUE),(929,29,'CorAns for: Q for test: High And Dry',TRUE),(930,30,'IncorAns for: Q for test: Its Not Brain Surgery',FALSE),(931,31,'IncorAns for: Q for test: Keep Your Eyes Peeled',FALSE),(932,32,'IncorAns for: Q for test: Knuckle Down',FALSE),(933,33,'IncorAns for: Q for test: Lickety Split',FALSE),(934,34,'CorAns for: Q for test: Long In The Tooth',TRUE),(935,35,'CorAns for: Q for test: Lovey Dovey',TRUE),(936,36,'IncorAns for: Q for test: Needle In a Haystack',FALSE),(937,37,'CorAns for: Q for test: On the Same Page',TRUE),(938,38,'IncorAns for: Q for test: Par For the Course',FALSE),(939,39,'CorAns for: Q for test: Playing Possum',TRUE),(940,40,'CorAns for: Q for test: Plot Thickens - The',TRUE),(941,41,'CorAns for: Q for test: Put a Sock In It',TRUE),(942,42,'IncorAns for: Q for test: Quality Time',FALSE),(943,43,'IncorAns for: Q for test: Quick On the Draw',FALSE),(944,44,'IncorAns for: Q for test: Raining Cats and Dogs',FALSE),(945,45,'CorAns for: Q for test: Scot-free',TRUE),(946,46,'CorAns for: Q for test: Talk the Talk',TRUE),(947,47,'IncorAns for: Q for test: Top Drawer',FALSE),(948,48,'IncorAns for: Q for test: Tough It Out',FALSE),(949,49,'CorAns for: Q for test: Wild Goose Chase',TRUE),(950,50,'CorAns for: Q for test: You Cant Teach an Old Dog New Tricks',TRUE),(951,51,'IncorAns for: Q for test: A Cold Day in Hell',FALSE),(952,52,'CorAns for: Q for test: Quality Time',TRUE),(953,53,'CorAns for: Q for test: Hard Pill to Swallow',TRUE),(954,54,'CorAns for: Q for test: Top Drawer',TRUE),(955,55,'IncorAns for: Q for test: High And Dry',FALSE),(956,56,'CorAns for: Q for test: Head Over Heels',TRUE),(957,57,'IncorAns for: Q for test: Tough It Out',FALSE),(958,58,'IncorAns for: Q for test: You Cant Teach an Old Dog New Tricks',FALSE),(959,59,'CorAns for: Q for test: Its Not Brain Surgery',TRUE),(960,60,'IncorAns for: Q for test: Quick On the Draw',FALSE),(961,61,'CorAns for: Q for test: Everything But The Kitchen Sink',TRUE),(962,62,'IncorAns for: Q for test: Lickety Split',FALSE),(963,63,'IncorAns for: Q for test: Drawing a Blank',FALSE),(964,64,'IncorAns for: Q for test: A Home Bird',FALSE),(965,65,'CorAns for: Q for test: A Little from Column A, a Little from Column B',TRUE),(966,66,'CorAns for: Q for test: Put a Sock In It',TRUE),(967,67,'IncorAns for: Q for test: A Home Bird',FALSE),(968,68,'CorAns for: Q for test: A Day Late and a Dollar Short',TRUE),(969,69,'IncorAns for: Q for test: Lovey Dovey',FALSE),(970,70,'CorAns for: Q for test: Dont Count Your Chickens Before They Hatch',TRUE),(971,71,'IncorAns for: Q for test: Elvis Has Left The Building',FALSE),(972,72,'IncorAns for: Q for test: Plot Thickens - The',FALSE),(973,73,'CorAns for: Q for test: Fish Out Of Water',TRUE),(974,74,'IncorAns for: Q for test: Put a Sock In It',FALSE),(975,75,'CorAns for: Q for test: Foaming At The Mouth',TRUE),(976,76,'IncorAns for: Q for test: A Day Late and a Dollar Short',FALSE),(977,77,'CorAns for: Q for test: A Guinea Pig',TRUE),(978,78,'IncorAns for: Q for test: A Little from Column A, a Little from Column B',FALSE),(979,79,'CorAns for: Q for test: Between a Rock and a Hard Place',TRUE),(980,80,'CorAns for: Q for test: Fish Out Of Water',TRUE),(981,81,'CorAns for: Q for test: Go For Broke',TRUE),(982,82,'IncorAns for: Q for test: Lovey Dovey',FALSE),(983,83,'IncorAns for: Q for test: A Lot on One’s Plate',FALSE),(984,84,'IncorAns for: Q for test: Dont Count Your Chickens Before They Hatch',FALSE),(985,85,'IncorAns for: Q for test: Hard Pill to Swallow',FALSE),(986,86,'IncorAns for: Q for test: Back to Square One',FALSE),(987,87,'CorAns for: Q for test: Knuckle Down',TRUE),(988,88,'IncorAns for: Q for test: A Guinea Pig',FALSE),(989,89,'IncorAns for: Q for test: Foaming At The Mouth',FALSE),(990,90,'IncorAns for: Q for test: A Fool and His Money are Soon Parted',FALSE),(991,91,'CorAns for: Q for test: Cut The Mustard',TRUE),(992,92,'CorAns for: Q for test: A Little from Column A, a Little from Column B',TRUE),(993,93,'IncorAns for: Q for test: A Day Late and a Dollar Short',FALSE),(994,94,'CorAns for: Q for test: Plot Thickens - The',TRUE),(995,95,'IncorAns for: Q for test: Knuckle Down',FALSE),(996,96,'IncorAns for: Q for test: Needle In a Haystack',FALSE),(997,97,'CorAns for: Q for test: Everything But The Kitchen Sink',TRUE),(998,98,'IncorAns for: Q for test: A Little from Column A, a Little from Column B',FALSE),(999,99,'IncorAns for: Q for test: Quality Time',FALSE),(1000,100,'CorAns for: Q for test: Dont Count Your Chickens Before They Hatch',TRUE),(1001,101,'IncorAns for: Q for test: Dont Count Your Chickens Before They Hatch',FALSE),(1002,102,'IncorAns for: Q for test: Playing Possum',FALSE),(1003,103,'IncorAns for: Q for test: Elvis Has Left The Building',FALSE),(1004,104,'IncorAns for: Q for test: Drawing a Blank',FALSE),(1005,105,'CorAns for: Q for test: A Guinea Pig',TRUE),(1006,106,'CorAns for: Q for test: Quick On the Draw',TRUE),(1007,107,'IncorAns for: Q for test: Fish Out Of Water',FALSE),(1008,108,'IncorAns for: Q for test: High And Dry',FALSE),(1009,109,'CorAns for: Q for test: Wild Goose Chase',TRUE),(1010,110,'CorAns for: Q for test: Plot Thickens - The',TRUE),(1011,111,'CorAns for: Q for test: A Cold Day in Hell',TRUE),(1012,112,'IncorAns for: Q for test: Cry Over Spilt Milk',FALSE),(1013,113,'CorAns for: Q for test: Hard Pill to Swallow',TRUE),(1014,114,'CorAns for: Q for test: Drawing a Blank',TRUE),(1015,115,'CorAns for: Q for test: An Arm and a Leg',TRUE),(1016,116,'IncorAns for: Q for test: Lovey Dovey',FALSE),(1017,117,'CorAns for: Q for test: Keep Your Eyes Peeled',TRUE),(1018,118,'IncorAns for: Q for test: Long In The Tooth',FALSE),(1019,119,'CorAns for: Q for test: Quick On the Draw',TRUE),(1020,120,'IncorAns for: Q for test: Goody Two-Shoes',FALSE),(1021,121,'IncorAns for: Q for test: Between a Rock and a Hard Place',FALSE),(1022,122,'CorAns for: Q for test: Scot-free',TRUE),(1023,123,'CorAns for: Q for test: Goody Two-Shoes',TRUE),(1024,124,'CorAns for: Q for test: Dont Look a Gift Horse In The Mouth',TRUE),(1025,125,'IncorAns for: Q for test: A Little from Column A, a Little from Column B',FALSE),(1026,126,'IncorAns for: Q for test: Elvis Has Left The Building',FALSE),(1027,127,'CorAns for: Q for test: An Arm and a Leg',TRUE),(1028,128,'CorAns for: Q for test: Long In The Tooth',TRUE),(1029,129,'CorAns for: Q for test: High And Dry',TRUE),(1030,130,'IncorAns for: Q for test: Scot-free',FALSE),(1031,131,'CorAns for: Q for test: Quality Time',TRUE),(1032,132,'CorAns for: Q for test: Quick On the Draw',TRUE),(1033,133,'IncorAns for: Q for test: Between a Rock and a Hard Place',FALSE),(1034,134,'CorAns for: Q for test: Fish Out Of Water',TRUE),(1035,135,'IncorAns for: Q for test: Back to Square One',FALSE),(1036,136,'CorAns for: Q for test: Quality Time',TRUE),(1037,137,'IncorAns for: Q for test: A Day Late and a Dollar Short',FALSE),(1038,138,'CorAns for: Q for test: Lovey Dovey',TRUE),(1039,139,'IncorAns for: Q for test: Long In The Tooth',FALSE),(1040,140,'IncorAns for: Q for test: Easy As Pie',FALSE),(1041,141,'IncorAns for: Q for test: Fish Out Of Water',FALSE),(1042,142,'CorAns for: Q for test: Everything But The Kitchen Sink',TRUE),(1043,143,'IncorAns for: Q for test: Goody Two-Shoes',FALSE),(1044,144,'CorAns for: Q for test: Its Not Brain Surgery',TRUE),(1045,145,'CorAns for: Q for test: A Little from Column A, a Little from Column B',TRUE),(1046,146,'IncorAns for: Q for test: Tough It Out',FALSE),(1047,147,'IncorAns for: Q for test: Its Not Brain Surgery',FALSE),(1048,148,'CorAns for: Q for test: Dont Count Your Chickens Before They Hatch',TRUE),(1049,149,'IncorAns for: Q for test: Tough It Out',FALSE),(1050,150,'IncorAns for: Q for test: Goody Two-Shoes',FALSE),(1051,151,'CorAns for: Q for test: Lovey Dovey',TRUE),(1052,152,'CorAns for: Q for test: Foaming At The Mouth',TRUE),(1053,153,'IncorAns for: Q for test: Burst Your Bubble',FALSE),(1054,154,'CorAns for: Q for test: Keep Your Eyes Peeled',TRUE),(1055,155,'IncorAns for: Q for test: Playing Possum',FALSE),(1056,156,'IncorAns for: Q for test: Tough It Out',FALSE),(1057,157,'IncorAns for: Q for test: Everything But The Kitchen Sink',FALSE),(1058,158,'CorAns for: Q for test: Lovey Dovey',TRUE),(1059,159,'CorAns for: Q for test: Top Drawer',TRUE),(1060,160,'CorAns for: Q for test: Par For the Course',TRUE),(1061,161,'CorAns for: Q for test: Tough It Out',TRUE),(1062,162,'CorAns for: Q for test: Put a Sock In It',TRUE),(1063,163,'CorAns for: Q for test: A Guinea Pig',TRUE),(1064,164,'IncorAns for: Q for test: Go For Broke',FALSE),(1065,165,'CorAns for: Q for test: Knuckle Down',TRUE),(1066,166,'CorAns for: Q for test: A Guinea Pig',TRUE),(1067,167,'IncorAns for: Q for test: Dont Look a Gift Horse In The Mouth',FALSE),(1068,168,'IncorAns for: Q for test: Easy As Pie',FALSE),(1069,169,'IncorAns for: Q for test: Scot-free',FALSE),(1070,170,'IncorAns for: Q for test: Tough It Out',FALSE),(1071,171,'CorAns for: Q for test: Needle In a Haystack',TRUE),(1072,172,'IncorAns for: Q for test: An Arm and a Leg',FALSE),(1073,173,'IncorAns for: Q for test: A Cold Day in Hell',FALSE),(1074,174,'CorAns for: Q for test: On the Same Page',TRUE),(1075,175,'IncorAns for: Q for test: Everything But The Kitchen Sink',FALSE),(1076,176,'IncorAns for: Q for test: Quick On the Draw',FALSE),(1077,177,'CorAns for: Q for test: A Hundred and Ten Percent',TRUE),(1078,178,'IncorAns for: Q for test: Everything But The Kitchen Sink',FALSE),(1079,179,'IncorAns for: Q for test: Tough It Out',FALSE),(1080,180,'IncorAns for: Q for test: Burst Your Bubble',FALSE),(1081,181,'IncorAns for: Q for test: A Day Late and a Dollar Short',FALSE),(1082,182,'IncorAns for: Q for test: Talk the Talk',FALSE),(1083,183,'CorAns for: Q for test: Hard Pill to Swallow',TRUE),(1084,184,'IncorAns for: Q for test: Put a Sock In It',FALSE),(1085,185,'IncorAns for: Q for test: A Little from Column A, a Little from Column B',FALSE),(1086,186,'IncorAns for: Q for test: A Day Late and a Dollar Short',FALSE),(1087,187,'IncorAns for: Q for test: Elvis Has Left The Building',FALSE),(1088,188,'CorAns for: Q for test: An Arm and a Leg',TRUE),(1089,189,'CorAns for: Q for test: Between a Rock and a Hard Place',TRUE),(1090,190,'IncorAns for: Q for test: Goody Two-Shoes',FALSE),(1091,191,'CorAns for: Q for test: Between a Rock and a Hard Place',TRUE),(1092,192,'CorAns for: Q for test: A Little from Column A, a Little from Column B',TRUE),(1093,193,'CorAns for: Q for test: Go For Broke',TRUE),(1094,194,'CorAns for: Q for test: A Lot on One’s Plate',TRUE),(1095,195,'CorAns for: Q for test: Top Drawer',TRUE),(1096,196,'IncorAns for: Q for test: High And Dry',FALSE),(1097,197,'CorAns for: Q for test: A Home Bird',TRUE),(1098,198,'CorAns for: Q for test: Top Drawer',TRUE),(1099,199,'IncorAns for: Q for test: Needle In a Haystack',FALSE),(1100,200,'IncorAns for: Q for test: Knuckle Down',FALSE),(1101,201,'IncorAns for: Q for test: Down To The Wire',FALSE),(1102,202,'IncorAns for: Q for test: A Hundred and Ten Percent',FALSE),(1103,203,'IncorAns for: Q for test: Back to Square One',FALSE),(1104,204,'IncorAns for: Q for test: An Arm and a Leg',FALSE),(1105,205,'IncorAns for: Q for test: Fish Out Of Water',FALSE),(1106,206,'CorAns for: Q for test: Back to Square One',TRUE),(1107,207,'CorAns for: Q for test: Fish Out Of Water',TRUE),(1108,208,'CorAns for: Q for test: Cry Over Spilt Milk',TRUE),(1109,209,'CorAns for: Q for test: Par For the Course',TRUE),(1110,210,'CorAns for: Q for test: A Cold Day in Hell',TRUE),(1111,211,'IncorAns for: Q for test: Go For Broke',FALSE),(1112,212,'IncorAns for: Q for test: Between a Rock and a Hard Place',FALSE),(1113,213,'CorAns for: Q for test: Plot Thickens - The',TRUE),(1114,214,'CorAns for: Q for test: Knuckle Down',TRUE),(1115,215,'CorAns for: Q for test: Goody Two-Shoes',TRUE),(1116,216,'CorAns for: Q for test: A Lot on One’s Plate',TRUE),(1117,217,'CorAns for: Q for test: A Lot on One’s Plate',TRUE),(1118,218,'IncorAns for: Q for test: Elvis Has Left The Building',FALSE),(1119,219,'CorAns for: Q for test: Quality Time',TRUE),(1120,220,'IncorAns for: Q for test: A Fool and His Money are Soon Parted',FALSE),(1121,221,'IncorAns for: Q for test: Lovey Dovey',FALSE),(1122,222,'CorAns for: Q for test: Between a Rock and a Hard Place',TRUE),(1123,223,'IncorAns for: Q for test: High And Dry',FALSE),(1124,224,'IncorAns for: Q for test: Go For Broke',FALSE),(1125,225,'IncorAns for: Q for test: Go For Broke',FALSE),(1126,226,'IncorAns for: Q for test: Keep Your Eyes Peeled',FALSE),(1127,227,'CorAns for: Q for test: Dont Look a Gift Horse In The Mouth',TRUE),(1128,228,'CorAns for: Q for test: Hard Pill to Swallow',TRUE),(1129,229,'CorAns for: Q for test: Foaming At The Mouth',TRUE),(1130,230,'IncorAns for: Q for test: Back to Square One',FALSE),(1131,231,'IncorAns for: Q for test: Between a Rock and a Hard Place',FALSE),(1132,232,'IncorAns for: Q for test: Par For the Course',FALSE),(1133,233,'CorAns for: Q for test: Tough It Out',TRUE),(1134,234,'CorAns for: Q for test: Wild Goose Chase',TRUE),(1135,235,'IncorAns for: Q for test: Playing Possum',FALSE),(1136,236,'CorAns for: Q for test: A Fool and His Money are Soon Parted',TRUE),(1137,237,'IncorAns for: Q for test: Foaming At The Mouth',FALSE),(1138,238,'IncorAns for: Q for test: Talk the Talk',FALSE),(1139,239,'CorAns for: Q for test: Drawing a Blank',TRUE),(1140,240,'IncorAns for: Q for test: Easy As Pie',FALSE),(1141,241,'CorAns for: Q for test: Cut The Mustard',TRUE),(1142,242,'CorAns for: Q for test: Talk the Talk',TRUE),(1143,243,'IncorAns for: Q for test: Long In The Tooth',FALSE),(1144,244,'CorAns for: Q for test: Quick On the Draw',TRUE),(1145,245,'IncorAns for: Q for test: Scot-free',FALSE),(1146,246,'CorAns for: Q for test: Put a Sock In It',TRUE),(1147,247,'CorAns for: Q for test: Lovey Dovey',TRUE),(1148,248,'CorAns for: Q for test: Plot Thickens - The',TRUE),(1149,249,'CorAns for: Q for test: Dont Look a Gift Horse In The Mouth',TRUE),(1150,250,'IncorAns for: Q for test: Foaming At The Mouth',FALSE),(1151,251,'IncorAns for: Q for test: A Home Bird',FALSE),(1152,252,'IncorAns for: Q for test: Quick On the Draw',FALSE),(1153,253,'CorAns for: Q for test: Par For the Course',TRUE),(1154,254,'CorAns for: Q for test: Talk the Talk',TRUE),(1155,255,'IncorAns for: Q for test: Goody Two-Shoes',FALSE),(1156,256,'CorAns for: Q for test: Scot-free',TRUE),(1157,257,'CorAns for: Q for test: Its Not Brain Surgery',TRUE),(1158,258,'IncorAns for: Q for test: Its Not Brain Surgery',FALSE),(1159,259,'CorAns for: Q for test: A Hair’s Breadth',TRUE),(1160,260,'IncorAns for: Q for test: Its Not Brain Surgery',FALSE),(1161,261,'IncorAns for: Q for test: Knuckle Down',FALSE),(1162,262,'CorAns for: Q for test: Dont Count Your Chickens Before They Hatch',TRUE),(1163,263,'IncorAns for: Q for test: Foaming At The Mouth',FALSE),(1164,264,'IncorAns for: Q for test: Plot Thickens - The',FALSE),(1165,265,'IncorAns for: Q for test: Quick On the Draw',FALSE),(1166,266,'IncorAns for: Q for test: An Arm and a Leg',FALSE),(1167,267,'IncorAns for: Q for test: A Guinea Pig',FALSE),(1168,268,'CorAns for: Q for test: Raining Cats and Dogs',TRUE),(1169,269,'CorAns for: Q for test: Down To The Wire',TRUE),(1170,270,'CorAns for: Q for test: A Cold Day in Hell',TRUE),(1171,271,'IncorAns for: Q for test: Plot Thickens - The',FALSE),(1172,272,'IncorAns for: Q for test: Lovey Dovey',FALSE),(1173,273,'CorAns for: Q for test: Knuckle Down',TRUE),(1174,274,'IncorAns for: Q for test: A Hundred and Ten Percent',FALSE),(1175,275,'IncorAns for: Q for test: Dont Look a Gift Horse In The Mouth',FALSE),(1176,276,'CorAns for: Q for test: Playing Possum',TRUE),(1177,277,'CorAns for: Q for test: Cry Over Spilt Milk',TRUE),(1178,278,'IncorAns for: Q for test: A Hair’s Breadth',FALSE),(1179,279,'CorAns for: Q for test: Fish Out Of Water',TRUE),(1180,280,'CorAns for: Q for test: Hard Pill to Swallow',TRUE),(1181,281,'IncorAns for: Q for test: You Cant Teach an Old Dog New Tricks',FALSE),(1182,282,'CorAns for: Q for test: High And Dry',TRUE),(1183,283,'IncorAns for: Q for test: Lovey Dovey',FALSE),(1184,284,'CorAns for: Q for test: Plot Thickens - The',TRUE),(1185,285,'CorAns for: Q for test: Goody Two-Shoes',TRUE),(1186,286,'IncorAns for: Q for test: Long In The Tooth',FALSE),(1187,287,'CorAns for: Q for test: Tough It Out',TRUE),(1188,288,'CorAns for: Q for test: Back to Square One',TRUE),(1189,289,'CorAns for: Q for test: A Little from Column A, a Little from Column B',TRUE),(1190,290,'IncorAns for: Q for test: Playing Possum',FALSE),(1191,291,'IncorAns for: Q for test: Its Not Brain Surgery',FALSE),(1192,292,'CorAns for: Q for test: Raining Cats and Dogs',TRUE),(1193,293,'IncorAns for: Q for test: Quality Time',FALSE),(1194,294,'CorAns for: Q for test: Knuckle Down',TRUE),(1195,295,'IncorAns for: Q for test: Playing Possum',FALSE),(1196,296,'IncorAns for: Q for test: Fish Out Of Water',FALSE),(1197,297,'CorAns for: Q for test: A Day Late and a Dollar Short',TRUE),(1198,298,'CorAns for: Q for test: A Lot on One’s Plate',TRUE),(1199,299,'IncorAns for: Q for test: Easy As Pie',FALSE),(1200,300,'IncorAns for: Q for test: Go For Broke',FALSE);
INSERT INTO user VALUES (id,'admin','4be9c0823f2da7e737e6d9e1a443b5041fe9afc92b580a86e9fd72745b0166ad6f60ce672b4f8f21dc2b889a795f9dd7daccb7318b5677566dd0d8eeb49bc8dd',1604694549,'admin','admin','admin','Active'),(id,'jack','20aff34704e5b6e21bfafe98b94d80f867ebeac0b5493080ab816717e9cfb760ab1123315bbabeb6cefa0fbdaa8c6d81430dafd352e7d4e7a461cdf682caa17b',350706328,'Jack','Block','user','Active'),(id,'amy','c6bcb8fe9da0ff8fabc5bd8b192cd65b73d9eb270aaad8348a68fb9606a3aab09d5e5b296e99226a869f61b3d3281b294ff367f920bd259a47dabf0c9fc78151',671497443,'Amy','Stone','user','Active'),(id,'Adah_Dach','e5708575d5fa23bc575efd57f42d39abf42fade47b1cd6902723e8936f2b6088a582a8ce29468d6d23c29d98a768263763e02a70ed21f5ea4aed9159477faf24',547668596,'Alan','Dach','user','Active'),(id,'Alanis.Luettgen','859c972e28c18e8eee518cb13d6eea8fd1100d0e6a851faeef447071379d7b59db66177757a3836be01cd37887f59d49d127b3f42896cef1d26b1bab3c46dd74',45809478,'Alanis','Luettgen','user','Banned'),(id,'Alf31','5615d99aa6226266a7d00bb64af42770f2f5087c540ab2152a6bd385cc589ddf3156000149fe60f2b467fbc8c7dad03efd5ac556aa10d190f84817e4d8915a65',1221200757,'Alfred','Robinson','user','Banned'),(id,'Allene_Ritchie41','1eadc0f438bfe64f055fcf79d116cd56e19daf18b044e0bf523dbe5f9888d7eb2aeec32fce783eef0d9114bf26b4b99f9a77ff61704d644a8d4945a7ef6e26bb',176248201,'Allene','Ritchie','user','Active'),(id,'Americo.Lebsack','cbb39a2ead0f8bb35c7123390daa2cb4439b3cc1d06207841636651a553b8b385e27ed781c2d8d3c8a4bb98637ca34478c6ea3cdcbae54764c6b7d306a74d841',220636738,'Americo','Lebsack','user','Banned'),(id,'Aniyah.Stroman','0662ad6a2244d0bfb438784784b94ad4aeb4e2f4c3a245476bda4453f524612ebf02e80de210d6b02516ebc88016f4fdc37387913113d5c82cc50b6f12681ad7',1239551727,'Aniyah','Stroman','user','Banned'),(id,'Assunta_Torp14','61dd66aca3dcb1da0ef2e75c320a47ef016871d71faa6547ddcbb81dcee0c15ed8e408067509b4bbb2a7bdfc9cc96aa3b7116fd65e811c6472b8593583636c88',93547755,'Assunta','Torp','user','Active'),(id,'Audreanne.Kreiger36','0f30726c4cf641c4a9150e6c749cf9181ed8e37f5df423eb8fabecaf6d9936eefd549aefdfb36cd2840a5ca6cbc10ebe7d7c2252618ef42d3269768ed47a1e26',381325576,'Audreanne','Kreiger','user','Active'),(id,'Beaulah_Wolf','3771d002ff45310f616006bdbaf5a742391644751a924f6350e932a71a785b6ad3a3036f3fe513c481b1c635a835c27530ddef1688116cd4452b2e1c7f67107b',495281992,'Beaulah','Wolf','user','Banned'),(id,'Ben32','22dcd971a7e82521ef9879967d45feabddeebc6b69951d41b0c00572055f2b5de31e8c392cd9acb21b66637afd7634fa73b3993ee68a9a91966131f55202e81f',791027182,'Benjamin','Walkott','user','Active'),(id,'Cindy.Schuppe74','5b3c33b87f4bc485b59534041b4fb1e635264add6f25d6614b7a2bf045219b6bae64f72df521fcc2e1491f2e8970cde61d44ee8ddf1d6158f96666123d51fe34',929058180,'Cindy','Schuppe','user','Active'),(id,'Colten_Boyer','80466fd9ee667884fbe6414ab0ad74acb161c72bd7635b7ee991cf534acbaf7d1467898f4b039a99c01125c4f44aa02ef38ae266fdfd832d54882cb920422b99',192441671,'Colten','Boyer','user','Banned'),(id,'Corrine60','53d7c39217102ab64b62ea86ef1e30eaab73699ac646f60c13c67a6b0892c78edaebfb5f13e92d8b120faea449c9aac56da62958134ce84c2261ade1ce81c55e',688266902,'Corrine','Brown','user','Active'),(id,'Courtney_Schamberger11','3bcb785b508cbb93b1104118636c76bfb10348d4135b62c22af7bace6b6166d1b8528e7e2205b126e50e590e572beba50dfdd4fd89b1626460d51e80eaf3a03c',1166968083,'Courtney','Schamberger','user','Active'),(id,'Dave28','6e5c1573809bf03d51f3a1ff2f91b8443017c79ec223a82b5357d4eb439690c1dce5064f6cd7d2c89f0239d5aac026028db1f5acbe5011acc03100e24cfb58c6',60669908,'David','Night','user','Banned'),(id,'Dayne97','c34f5415691b6bd8e8975f2b193afc295d6a7d57d2c050fcf245f2e5e2ec99a62e9b755e29db9c38abdbf52416dcbcea48a010123b82bf932dedd5fe87439b44',2055244957,'Dayne','Sleith','user','Banned'),(id,'Deborah_Bartell12','79b9a6f2dfa883ecf4adb3c29e6e7f1380c8214695555247e6710ccb32375d22378060c8b875044a4e6e7b64ee7ce4f4f8d10d1322577163398306f2d2eade95',1370455579,'Deborah','Bartell','user','Banned'),(id,'Delta_Hoeger16','9ccc2328e78c4ea241bd456d7e1f9b410152bc1455b7ef44add24ce9de5747f463a04c2389df2e118d3b21bcc83eb57d2c446d41e5aaaa26f2530cd3621bbe94',1116372247,'Delta','Hoeger','user','Banned'),(id,'Dwight.Turner78','64c4d8dd4b9a7cc89b7ed8d9ff957b356e3b25b2771e2cbd4c0cc437949024780f38576c2b457ce877f11976016693e9b909a401054648e54c12003185cc6ff1',47827368,'Dwight','Turner','user','Active'),(id,'Eino.Schumm61','099434770d69f5bf2c4cecedb3090209fd3a5a6f74003e580648c444fc9edaf205eef63e5277a2f875adfbdc8a85ab2c0231e4244deebdcc81dd31deb1a798f6',27654294,'Eino','Schumm','user','Active'),(id,'Emmet.Rice79','95620cf1680689f4bd1297767a46440bbedd12e6568f912d4acfb3d96eafb9380a9bab0bf4d8eaf937ec0ea3687e903fed92860a153b156395b46717c441b91b',1996798893,'Emmet','Rice','user','Active'),(id,'Erwin_Weimann','9caae8b1387dbc2fe3356ac34fdeeeafae0962623624732c1b5f1d59591a1ce502e24bf66030ab1fde2d546076658ba9188b723f7c1df2dc34d50fed6d67eec6',1569412804,'Erwin','Weimann','user','Banned'),(id,'Estevan.Adams29','36694930c29174d169a51444ed02a444ceea8427415e57af870385f7b3bc341af2fa9dc8d2f4a924c65b12f4ae91fbc184171179ea710af9ac45b8dfe15b3f34',1972240250,'Estevan','Adams','user','Active'),(id,'Fred.Leffler','c76276ff20eab10321382bda7267f30737fd8ff19ca2bb56cedb4e9bef887d3add099371d092be8c8c9478f93988a3f154d6bb6c9ca3e5407f089645ea39930c',775285074,'Fred','Leffler','user','Active'),(id,'Hildegard93','bf3a4798b45c996cd0360590de97d838dbec5239a66caee7419b5d9634a038ba95bad5e8355a60b7c3c3bd54620085bd324bf29e30a5186f5c0b38b659ffb716',1399753242,'Ron','Hildegard','user','Active'),(id,'Horace7','87e524b38cdfbd1028502e1af7a057ed1c8c43e38255bc79e52ee046495be38d29460d5e704291ae23464313f4b29f097a770418eb6254d3f90334f29d1898b7',2015211658,'Horace','Sanchez','user','Active'),(id,'Ida_Hermann','b1f7657b8e0d21c8b04fb0bf1ff59e2c436243adb0c3c7a5b812a4f1cdd80ae587f46bcfbef45b6d0fcdee32397174919e6314eecc542491cdc38e7dc7188f4b',1095612215,'Ida','Hermann','user','Banned'),(id,'Jacinthe_OConnell40','72f33a835f848a7654f0790c9bf1e1815ab42a6413d12e402c57accf7adfb18844b9d801fed8c848367e8f6d1edb1f38d4ed4d593dc70fc7c6cf8ed1707a5168',1461911575,'Jacinthe','OConnell','user','Banned'),(id,'Jazmyn.Cremin76','d66c66f800144e13cefdbbaf2d3a58183f5958bb335c94724f355fc240d3a8cbe5cabf358237c7b0b873467a36766f8adb149fd0660df456a728859ac5008690',2077017206,'Jazmyn','Cremin','user','Active'),(id,'Kale.Kuhic90','b376fdad819b622865fd462c7739bc474cc21cabab1a530521ef5d8e1fb6f3f790947097afd12458db3235428cd30a6cd6f2a09f3a5e1c8f4991c554092ba252',2101622671,'Kale','Kuhic','user','Active'),(id,'Kavon18','8e84974b43263c3fc4058048975b29d95d4278433e286614917e4cadb662c474ef7763e9c82c8b066337ec5e00e52b74b3cbddf8f2e2ae1d7fa8f9f60556d704',1025001182,'Kavon','Rose','user','Banned'),(id,'Lauren26','e017ce6a1fec1b8ff44e3fc950d33195ade61117bffc1d7229820a499c476348b0857a08a03196bc16974e50b3438dd9b6f9aa2b323c45af79975e4e5482f4e8',1583819306,'Lauren','Satterfield','user','Active'),(id,'Laverne.Kirlin19','8c90496fc0e632ba14a8cb328febed99d9bdcfa9a320d22858d72c99a376d11980172d85efa2911bf39e0d80b3d5e02acf73c05134d7f6046b14425fe28a0ac1',1419416369,'Laverne','Kirlin','user','Banned'),(id,'Loy0','629eb9969060c9a187a7122c26cd9e7f0f0825086e70e7ebe64a9d11fcb3d3641ffd2f25279684114af04ba4a7aaaa6c6f8db34c1af3a4f7078f6cb1e42dec12',838900770,'Loy','Anderson','user','Banned'),(id,'Manuela42','895f4b073dadeca949c8aab31e727b1a0d3b4d32b0b4c4ea7e239a95f15a386544f39354ce4e2049df31b09db943429ce49c87de2bb363d3b5be8d17d6c8cc16',747569955,'Manuela','Rowe','user','Active'),(id,'Marc_Turner','43135d1fec74e87624344356a1252136a6780adea85801b34181397e19189fddb18585b076ede6cb4b0bdcf7695163d1237ec2302f1848cf98c89928c8210d8e',1863257459,'Marc','Turner','user','Banned'),(id,'Marjory29','908ed4cdb6d51d68a3d60af5913bd78e55b367a0e8ec6e1d67b0586faf493c64d21db4073209ff88c31b67a0691c6a5fed90c49982d93c64d3a1dede8d363b7d',59223307,'Marjory','Torphy','user','Active'),(id,'Matt_Rogahn','af7d2407673df6b84d9c1c71fee9816c6f2d18b6331a5688baa73835dc6a595733bebe36022821a186c61e282b9a8506cf7cd1e36e79d6d347d8f225934ad002',1556770394,'Matt','Rogahn','user','Banned'),(id,'Milford.Frami92','06ab1861295496ebb04a4cf3df041fe38cf133b74a2b287796b71b6d6554c41fec7d40a59f761a2396e5a97a54555b48a636548d86749e8be1fc2f063863c1c3',1745553159,'Milford','Frami','user','Active'),(id,'Modesta.Bernier98','46c312e0f9d785ae2dd2c84995e41b4e03325f73ef3529fead28da54e581cacfca9a9f604065f343710976bc316d862f32baa3806cd34be6f8485cfd9998fa9b',1774282519,'Modesta','Bernier','user','Active'),(id,'Myrtice.Conn48','e863b3f3cad728e0e8fc4586f0ca02f8a765838c134ed7578e2dcc56d1b5adc5b8ff867a2702754ffa33bdb44a227e7b92057eee0cf0b840abbcd64a727e2370',1829491523,'Myrtice','Conn','user','Active'),(id,'Nathan8','9759fa9635ef870f18ea8ca89fed8140513965070a0b9a100cf178b406dd769f014d98ed6f8821c6cdfef6f86c7c9dd91c75dd6590b30a3bdb8348756cf0ffd4',138608326,'Nathan','Windler','user','Active'),(id,'Romaine74','7d6022f2315b87e7ee7049841d83f8883010862046b29b982eca61a9fbd009e933918e8c88ae418ea14e80598c748a79f1d52098acbc11be7375cc3de49d63f8',2071626178,'Romaine','Mills','user','Active'),(id,'Rosalia.Berge49','26649700d5d788ff68f80bc35117537fe59c8d893b4077dd286a352d5f8bdf7e39f583aa06e3b4927087de6906928f04fba0b6e5100bc5f8bed02c33b57585a0',521164529,'Rosalia','Berge','user','Active'),(id,'Tabitha.Watsica','5443431ed4225f22bbd09968b5112d7cd632d2be443119a8753ca10fdf99b703367512e47a56dab6fdee9f202c324a69459a7b34611d429b1e3e0048ebb42b5f',600130732,'Tabitha','Watsica','user','Active'),(id,'Tiana26','c0df8e7f98e264d36beb75e29634179e25c6c9bb22b68013791e4e52153fe1124b0e43bc753daf0b343d1d8ed7822083816132a50da1938994a28860c165a79b',63976595,'Tiana','Hane','user','Active'),(id,'Trevion_Bruen1','4dd07ee3477f7036af19ccba902b5118ee189becc7bc3848346bba0ae638f9142864428b3620c7ce040b3a12d61e9266ce183fb0824b030c5a960be505dfde96',1260056297,'Trevion','Bruen','user','Active'),(id,'Tyrese_Graham','928ce5c2dfcfe038cb50fa09c5c50ba8c77df0c681653c1c96d4d7d3d3da6c04c2c876e45244bdaa8129c1db67b6208fa7ba9aae3065157328b1774c26fa484b',1785770911,'Tyrese','Graham','user','Active'),(id,'Tyrique_Schaefer61','ddac00af4689f5715351db884c25603cec559935ae330cce510f7722fd83d1211c081ac2b6fb49e5bba458a0348d311f0a43f83f54584a81c4ae4c2cd01e69bd',725778453,'Tyrique','Schaefer','user','Banned'),(id,'Ward4','1c303ec58ad695926c8eacd69a90025ee2a6c70112df4613479f2a9b8e3508c0b673c2e974f3986fa4ce9d329d0c4e2240921ed31496bfb7e3533e1bc4a0a0d3',1544150890,'Wayne','Ward','user','Active');

INSERT INTO passed_tests (id,user_id,test_id,grade,time_spent) VALUES  (1,2,48,71.77,246),(2,2,50,34.84,2302),(3,2,8,39.48,2324),(4,2,45,66.15,1031),(5,2,44,82.6,2417),(6,2,27,70.22,638),(7,2,47,91.67,1158),(8,2,38,78.15,1279),(9,2,10,58.63,290),(10,2,41,81.26,298),(11,2,28,93.53,2218),(12,2,37,56.07,2267),(13,2,44,44.84,1011),(14,2,26,32.23,2820),(15,2,16,69.4,292),(16,2,28,95.58,1477),(17,2,10,21.6,690),(18,2,22,92.38,2014),(19,2,40,36.41,1323),(20,2,20,53.71,1403),(21,2,25,96.46,2046),(22,2,3,37.89,1263),(23,2,41,69.04,559),(24,2,23,11.34,1364),(25,2,30,82.99,700),(26,2,16,65.27,257),(27,3,35,52.8,1869),(28,3,50,68.04,551),(29,3,30,32.7,1168),(30,3,30,86.28,442),(31,3,43,28.69,1775),(32,3,5,77.72,963),(33,3,13,93.7,2670),(34,3,22,62.49,382),(35,3,9,26.01,858),(36,3,3,50.35,1456),(37,3,37,66.18,1449),(38,3,33,56.43,957),(39,3,18,71.32,1581),(40,3,45,29.08,2587),(41,3,30,90.77,350),(42,3,48,97.35,678),(43,3,47,74.7,804),(44,3,9,62.09,1537),(45,3,15,80.22,2012),(46,3,46,21.53,1449),(47,3,12,33.18,1366),(48,3,47,35.42,570),(49,3,28,18.93,1760),(50,3,10,41.5,1896),(51,3,11,32.59,1789),(52,3,25,26.69,1784),(53,3,30,87.59,2625),(54,3,17,53.33,841),(55,3,36,25.88,1407),(56,3,42,69.15,2513),(57,3,11,62.09,469),(58,3,9,48.74,610),(59,49,39,55.52,727),(60,41,34,82.35,2473),(61,15,48,56.95,1882),(62,3,36,66.93,1781),(63,50,9,42.53,1709),(64,44,24,18.8,374),(65,24,3,73.5,403),(66,5,13,31.41,1289),(67,28,32,62.4,409),(68,19,18,55.43,931),(69,19,46,82.05,1088),(70,25,23,98.6,856),(71,17,33,60.96,1455),(72,25,20,25.18,495),(73,2,2,35.79,290),(74,33,41,78.46,1458),(75,3,5,59.58,1170),(76,16,46,16.54,433),(77,40,50,90.92,1048),(78,10,24,81.91,350),(79,16,3,49.55,614),(80,26,26,88.47,847),(81,49,21,84.34,1783),(82,48,12,36.55,2799),(83,50,47,90.17,2508),(84,4,28,33.82,1411),(85,4,47,25.04,688),(86,36,35,99.76,347),(87,11,46,23.65,1862),(88,20,17,87,1128),(89,49,46,90.29,1462),(90,10,10,98.09,927),(91,51,1,12.69,1838),(92,38,45,50.56,356),(93,41,49,90.78,1198),(94,41,9,42.59,1086),(95,22,9,53.2,1477),(96,19,39,21.08,2291),(97,26,9,81.68,758),(98,51,9,32.75,1923),(99,40,28,55.81,799),(100,21,6,26.69,569),(101,40,39,78.09,2379),(102,5,12,55.44,2663),(103,31,9,54.31,1198),(104,36,26,47.65,1006),(105,34,17,14,998),(106,10,3,31.41,1292),(107,28,44,58.34,699),(108,7,1,56.19,1780),(109,4,17,93.75,2325),(110,48,43,29.03,886),(111,52,2,30.67,796),(112,20,6,74.14,336),(113,10,34,33.61,699),(114,18,32,33.78,1621),(115,47,19,96.36,638),(116,40,12,15.03,818),(117,48,10,39.07,442),(118,47,20,12.6,757),(119,7,4,12.43,1450),(120,3,25,52.25,702),(121,38,33,60.33,1445),(122,33,37,13.99,378),(123,38,47,91.61,1231),(124,4,12,26.72,2319),(125,43,40,44.46,633),(126,32,7,28.66,1422),(127,38,42,43.33,1677),(128,28,42,65.11,1478),(129,47,8,57.72,2298),(130,19,20,30.22,946),(131,36,11,68.06,1532),(132,29,16,84.97,1446),(133,41,1,45.74,806),(134,7,24,42.41,1531),(135,31,47,48.95,932),(136,9,16,43.53,2224),(137,23,27,42.24,732),(138,17,44,37.6,1980),(139,31,17,45.73,2400),(140,21,16,75.62,233),(141,11,31,39.52,1363),(142,4,42,50.89,904),(143,3,45,71.64,1859),(144,9,39,49.7,1528),(145,23,28,74.85,631),(146,16,50,25.7,1732),(147,50,49,23.68,691),(148,32,4,22.37,338),(149,50,2,57.64,459),(150,38,3,99.75,1735),(151,48,25,30.06,1425),(152,25,13,19.18,783),(153,43,35,51.36,1372),(154,6,26,74.52,1399),(155,6,45,76.35,1444),(156,12,30,43.29,1691),(157,28,31,92.95,1198),(158,14,33,57.71,299),(159,9,24,74,1317),(160,39,23,34.46,479),(161,30,19,29.86,1375),(162,29,45,35.56,1329),(163,3,27,70.01,2192),(164,7,27,67.89,1656),(165,36,31,51.35,194),(166,9,24,81.34,439),(167,45,21,17.31,1351),(168,38,6,65.96,1751),(169,27,37,56.73,1559),(170,6,38,96.74,1327),(171,46,47,58.55,1460),(172,8,34,16.64,2029),(173,19,3,97.49,430),(174,15,5,25.58,360),(175,46,21,44.56,1442),(176,46,39,28.68,1189),(177,41,21,94.52,399),(178,30,21,92.81,1318),(179,9,17,10.53,1016),(180,53,9,87.53,1256),(181,20,33,74,2222),(182,10,42,37.47,1025),(183,32,35,49.36,1020),(184,3,6,35.54,1024),(185,2,7,48.07,641),(186,35,39,35.02,1335),(187,47,5,61.46,748),(188,31,44,96.88,1951),(189,51,10,26.62,702),(190,48,9,93.37,574),(191,35,8,24.96,256),(192,44,3,30.43,1184),(193,6,23,87.41,787),(194,26,12,36.59,1684),(195,41,43,78.35,326),(196,32,2,83.73,706),(197,45,13,20.13,714),(198,48,6,42.45,1531),(199,3,42,80.01,1611),(200,29,21,77.11,2060),(201,39,25,48.59,2619),(202,19,20,82.9,399),(203,7,8,45.64,522),(204,26,17,90.18,1017),(205,2,43,62.46,1081),(206,4,26,31.45,2665),(207,35,27,25.05,1457),(208,8,29,81.96,2457),(209,30,41,45.99,1124),(210,12,42,27.89,2201),(211,18,30,14.26,497),(212,9,41,21.93,958),(213,45,41,76.86,1148),(214,4,42,38.62,1173),(215,50,5,27.77,850),(216,27,25,91.74,941),(217,24,41,42.45,689),(218,43,1,40.49,725),(219,53,38,88.17,1204),(220,2,3,66.39,1165),(221,32,28,64.51,393),(222,18,16,56.89,1286),(223,47,9,77.47,781),(224,44,15,79.31,1429),(225,42,48,15.6,498),(226,23,19,37.74,1592),(227,2,1,45.02,1072),(228,20,5,97.68,1798),(229,13,41,82.43,380),(230,33,46,59,909),(231,47,19,71.82,1469),(232,14,41,43.51,1210),(233,30,8,41.72,1634),(234,28,3,83.24,874),(235,4,13,10.33,245),(236,41,31,30.77,1635),(237,12,31,44.16,1480),(238,25,25,69.84,264),(239,12,21,21.3,273),(240,35,12,11.18,542),(241,7,40,90.65,721),(242,48,29,62.74,967),(243,41,1,26.81,1818),(244,36,24,49.24,304),(245,27,50,92.98,920),(246,35,44,63.59,1332),(247,52,7,69.48,2457),(248,25,25,92.41,2269),(249,49,15,67.95,798),(250,15,42,30.5,1702),(251,4,23,73.14,856),(252,41,29,13.71,415),(253,17,49,70.08,268),(254,3,44,56,229),(255,40,47,49.54,670),(256,50,1,42.1,531),(257,49,14,32.85,499),(258,45,48,33.02,2465),(259,24,22,38.97,2097),(260,47,36,80.66,1390),(261,51,14,42.7,1793),(262,28,22,64.31,840),(263,23,50,30.04,233),(264,10,15,53.93,744),(265,7,34,93.28,1709),(266,49,47,39.07,2018),(267,31,19,85.41,2193),(268,4,45,83.45,2437),(269,48,46,99.36,241),(270,48,26,80.25,1195),(271,50,49,85.59,1596),(272,35,49,34.77,1184),(273,28,21,41.44,822),(274,25,6,87.49,1559),(275,11,43,42.77,797),(276,15,5,20.42,903),(277,12,46,72.31,2117),(278,7,19,43.55,1642),(279,47,23,70.13,1521),(280,18,32,30.53,1507),(281,36,18,76.16,1838),(282,35,48,66.55,2019),(283,5,47,29.67,1304),(284,17,40,56.86,242),(285,25,17,49.5,491),(286,46,4,96.4,1975),(287,3,4,13.7,2107),(288,38,26,86.76,1247),(289,13,39,20.62,456),(290,31,27,91.58,355),(291,49,36,90.56,852),(292,4,22,90.58,1143),(293,16,34,40.83,2209),(294,38,40,71.37,328),(295,30,10,75.42,396),(296,47,40,99.73,964),(297,28,25,46.6,2104),(298,17,46,39.58,1763),(299,10,40,90.62,915),(300,36,37,33.15,862),(301,48,12,66.28,2906),(302,15,10,68.08,731),(303,16,31,88.31,309),(304,44,2,56.4,767),(305,48,23,88.91,697),(306,32,8,62.32,1044),(307,5,26,49.98,1254),(308,35,29,91.32,1383),(309,9,4,65.66,1325),(310,41,31,36.32,2013),(311,12,25,13.92,922),(312,27,10,94.06,1611),(313,20,26,16.03,1687),(314,34,36,52,555),(315,34,48,41.43,255),(316,44,42,85.68,1821),(317,10,28,42.34,1741),(318,35,5,85.74,978),(319,24,37,37.35,242),(320,25,1,12.94,740),(321,41,14,35.71,849),(322,14,25,15.73,2062),(323,19,19,58.42,2028),(324,44,22,16.19,1599),(325,41,28,66.02,707),(326,13,26,24.91,1308),(327,43,14,45.56,1643),(328,47,48,57.71,1595),(329,27,45,26.65,425),(330,22,29,97.89,2160),(331,29,27,12.61,476),(332,15,18,56.67,278),(333,35,7,51.67,825),(334,18,12,74.82,434),(335,11,6,54.53,902),(336,17,39,36,1163),(337,38,32,19.81,630),(338,51,42,91.75,1200),(339,52,42,42.66,864),(340,48,26,72.67,1525),(341,33,43,64.73,917),(342,48,8,44.69,1476),(343,11,11,23.32,1062),(344,34,23,74.99,2140),(345,15,42,25.51,1828),(346,17,26,14.44,804),(347,5,22,78.66,1618),(348,37,35,40.01,2285),(349,7,16,34.86,1513),(350,13,44,40.04,801),(351,36,7,35.49,680),(352,53,17,39.22,212),(353,44,31,35.07,526),(354,47,36,11.41,673),(355,37,39,58.74,861),(356,53,50,63.36,218),(357,38,20,33.18,1479),(358,17,31,35.98,1622),(359,16,30,50.81,838),(360,37,9,55.5,1023),(361,10,16,57.95,2469),(362,53,23,39.76,1283),(363,29,3,57.38,921),(364,45,18,67.06,997),(365,35,24,40.25,1552),(366,19,49,80.77,2540),(367,53,45,72.99,1224),(368,6,48,23.24,1019),(369,23,35,78.12,1033),(370,25,21,71.44,1018),(371,21,38,56.96,1501),(372,47,12,62.66,1858),(373,6,32,44.83,204),(374,32,25,37.25,807),(375,21,5,71.2,1509),(376,21,24,61.04,1363),(377,35,7,15.79,1734),(378,39,40,50.58,823),(379,2,48,16.9,421),(380,12,25,30.37,1159),(381,10,9,75.77,1333),(382,39,50,42.64,531),(383,50,25,96,509),(384,32,43,82.84,1757),(385,16,32,73.12,454),(386,45,47,31.27,1876),(387,22,20,17.15,501),(388,20,50,93.87,1545),(389,45,27,61.8,293),(390,50,44,99.06,495),(391,50,18,62.72,2253),(392,5,43,49.39,369),(393,12,13,65.01,1446),(394,8,22,44.73,2286),(395,16,24,95.33,972),(396,17,25,70.57,1291),(397,43,13,66.75,1970),(398,51,45,20.2,2391),(399,25,22,47.69,508),(400,29,21,33.48,1048),(401,24,5,48.65,1072),(402,37,47,77.39,1021),(403,33,10,49.08,678),(404,51,47,21.97,1251),(405,27,10,29.97,261),(406,51,6,81.73,796),(407,28,26,75.48,2063),(408,16,46,69.69,829),(409,32,12,87.97,1671),(410,41,6,23.66,893),(411,14,20,38.22,203),(412,40,2,31.11,1308),(413,40,35,54.43,1489),(414,5,5,45.7,1138),(415,33,2,17.46,223),(416,10,39,51.94,1520),(417,5,16,71.57,1004),(418,50,5,40.12,1290),(419,53,18,53.08,1777),(420,7,45,66.71,2402),(421,11,10,57.3,1443),(422,38,25,11.58,1925),(423,7,23,64.88,957),(424,30,47,54.72,2288),(425,7,2,75.3,2245),(426,32,27,39.72,847),(427,38,34,28.63,372),(428,2,6,96.09,567),(429,14,15,50.39,1965),(430,14,32,89.11,1270),(431,6,1,11.86,398),(432,12,43,36.32,1229),(433,10,33,73.08,386),(434,45,20,57.75,1662),(435,5,7,65.87,804),(436,52,18,91.36,1746),(437,44,24,90.48,1179),(438,32,32,50.81,645),(439,37,7,16.31,2231),(440,42,10,64.84,1637),(441,49,33,72.24,1304),(442,15,25,93.34,1976),(443,37,44,64.93,968),(444,51,34,46.09,700),(445,51,3,41.68,1132),(446,36,15,54.12,1608),(447,13,16,39.41,718),(448,38,29,70.29,2681),(449,2,8,61.73,1833),(450,50,49,33.02,1082),(451,48,6,76.57,1762),(452,20,41,51.89,896),(453,18,40,34.94,1147),(454,47,42,36.04,579),(455,13,28,46.41,723),(456,12,36,38.73,2376),(457,40,13,84.66,619),(458,29,47,15.19,1354),(459,3,1,91.28,435),(460,44,17,57.01,2012),(461,17,26,11.9,1924),(462,12,50,85.41,168),(463,37,34,14.51,1020),(464,52,45,56.54,547),(465,29,38,48.56,1488),(466,31,44,87.08,2590),(467,40,50,77.9,1543),(468,29,18,31.67,396),(469,44,28,93.14,927),(470,12,10,70.47,1002),(471,39,39,75.72,423),(472,43,47,85.89,1348),(473,19,16,79.58,736),(474,14,1,98.07,612),(475,34,47,25.82,2126),(476,19,17,26.88,1326),(477,20,37,23.02,1816),(478,23,49,61.98,328),(479,32,42,65.13,1033),(480,3,35,94.54,904),(481,39,45,89.31,1068),(482,5,9,75.74,1259),(483,29,21,37.63,1414),(484,3,46,86.71,2002),(485,41,26,16.2,1428),(486,34,28,54.61,218),(487,48,29,17.79,813),(488,33,41,15.9,659),(489,17,3,35.26,2002),(490,28,4,93.81,1646),(491,43,4,91.53,366),(492,8,44,85.72,344),(493,39,12,43.03,694),(494,14,21,31.63,2732),(495,13,19,29.52,985),(496,16,28,27.58,2209),(497,28,25,38.7,839),(498,24,12,13.14,443),(499,44,11,15.1,1686),(500,23,49,36.38,2765);
select * from user;

#-------------------------------------------------------------------------------------------

